"brand","source","id","name","article","stock","unit","category","strongCandidate"
"POLAX","AgentPlus","AC52BFFC-4144-11EC-8D80-BC5FF4F4F2AA","Скотч пакувальний 45мм*200м ""POSTROY"" 101-045 (1шт)","045","135","шт","ПРОДУКЦІЯ КОМПАНІЇ ""ULTRA SVET"" / ІНСТРУМЕНТ / POLAX / Скотчі та спеціальні стрічки (0% знижка!) / Скотч пакувальний / Скотч пакувальний прозорий","no"
"POLAX","AgentPlus","697C185F-4773-11EC-BD8E-BC5FF4F4F2AA","Армована стрічка посилена 50мм x 10м ""POLAX"" 101-100 (1шт)","x10","61","шт","ПРОДУКЦІЯ КОМПАНІЇ ""ULTRA SVET"" / ІНСТРУМЕНТ / POLAX / Скотчі та спеціальні стрічки (0% знижка!) / Армована стрічка / Армована стрічка","no"
"POLAX","AgentPlus","697C1863-4773-11EC-BD8E-BC5FF4F4F2AA","Армована стрічка посилена 50мм x 50м ""POLAX"" 101-102 (1шт)","x50","61","шт","ПРОДУКЦІЯ КОМПАНІЇ ""ULTRA SVET"" / ІНСТРУМЕНТ / POLAX / Скотчі та спеціальні стрічки (0% знижка!) / Армована стрічка / Армована стрічка","no"
"POLAX","AgentPlus","8CB3E4C2-7907-11E8-B71A-BC5FF4F4F2AA","Шнур будівельний 7 метрів - Розпродаж!","","60","шт","ПРОДУКЦІЯ КОМПАНІЇ ""ULTRA SVET"" / ІНСТРУМЕНТ / POLAX / Вимірювальний інструмент / Ліска будівельна","no"
"POLAX","AgentPlus","617A01FF-4148-11EC-8D80-BC5FF4F4F2AA","Двостороння спінена клейка стрічка 12мм*5м ""POLAX"" 101-028 (1шт)","028","59","шт","ПРОДУКЦІЯ КОМПАНІЇ ""ULTRA SVET"" / ІНСТРУМЕНТ / POLAX / Скотчі та спеціальні стрічки (0% знижка!) / Стрічка на спіненій основі","no"
"POLAX","AgentPlus","617A0203-4148-11EC-8D80-BC5FF4F4F2AA","Двостороння спінена клейка стрічка 19мм*5м ""POLAX"" 101-030 (1шт)","030","56","шт","ПРОДУКЦІЯ КОМПАНІЇ ""ULTRA SVET"" / ІНСТРУМЕНТ / POLAX / Скотчі та спеціальні стрічки (0% знижка!) / Стрічка на спіненій основі","no"
"POLAX","AgentPlus","AC52BFE7-4144-11EC-8D80-BC5FF4F4F2AA","Алюмінієва клейка стрічка 50мм х10м ""POLAX"" 101-010 (1шт)","010","38","шт","ПРОДУКЦІЯ КОМПАНІЇ ""ULTRA SVET"" / ІНСТРУМЕНТ / POLAX / Скотчі та спеціальні стрічки (0% знижка!) / Алюмінієва стрічка","no"
"POLAX","AgentPlus","622C7CEB-9D71-11E3-822B-902B34A4365E","Валик Foam rubber 6 X 80X 150mm""POLAX"" 1-09 (1шт)","X80X","37","шт","ПРОДУКЦІЯ КОМПАНІЇ ""ULTRA SVET"" / ІНСТРУМЕНТ / POLAX / Малярський Інструмент / Валики / Валик - Foam rubber - Поролон","yes"
"POLAX","AgentPlus","5C7CEA53-1E78-11F0-B0CD-BC5FF4F4F2AA","Ванна малярна велика 300 Х 330 мм""POLAX"" 100-428","100-428","33","шт","ПРОДУКЦІЯ КОМПАНІЇ ""ULTRA SVET"" / ІНСТРУМЕНТ / POLAX / Малярський Інструмент / Ванни малярські","yes"
"POLAX","AgentPlus","F2CFD15A-1868-11F1-9987-BC5FF4F4F2AA","Ніж з трапецієподібним лезом 19мм (3 шт) SK5, біти 25мм (2 шт) PH2/SL6 ""POLAX"" 23-015","23-015","27","шт","ПРОДУКЦІЯ КОМПАНІЇ ""ULTRA SVET"" / ІНСТРУМЕНТ / POLAX / Столярно-слюсарний інструмент / Ножі будівельні","yes"
"POLAX","AgentPlus","3892F75D-6755-11EA-BB13-BC5FF4F4F2AA","Маска марлева двошарова з фільтротканням ""POLAX"" 100-236","100-236","23","шт","ПРОДУКЦІЯ КОМПАНІЇ ""ULTRA SVET"" / ІНСТРУМЕНТ / POLAX / Засоби захисту / Маски захисні ( медичні )","yes"
"POLAX","AgentPlus","2AEA27A3-0A22-11EC-89EA-BC5FF4F4F2AA","Хомут черв'ячний W2 Нержавіюча сталь ""120-140"" ""POLAX "" 37-036 (10шт.)","036","20","шт","ПРОДУКЦІЯ КОМПАНІЇ ""ULTRA SVET"" / ІНСТРУМЕНТ / POLAX / Кріпильний інструмент / Хомути черв'якові","no"
"POLAX","AgentPlus","DD07DF4A-6067-11EB-A602-BC5FF4F4F2AA","Шнур для будівельних робіт 100м Червоний ""POLAX"" 30-008","30-008","20","шт","ПРОДУКЦІЯ КОМПАНІЇ ""ULTRA SVET"" / ІНСТРУМЕНТ / POLAX / Вимірювальний інструмент / Шнури для будівельних робіт","yes"
"POLAX","AgentPlus","DD07DF46-6067-11EB-A602-BC5FF4F4F2AA","Шнур для будівельних робіт 50м Зелений ""POLAX"" 30-006","30-006","20","шт","ПРОДУКЦІЯ КОМПАНІЇ ""ULTRA SVET"" / ІНСТРУМЕНТ / POLAX / Вимірювальний інструмент / Шнури для будівельних робіт","yes"
"POLAX","AgentPlus","D559997E-795D-11EE-9EC9-BC5FF4F4F2AA","Біта одностороння, 25мм, H4, 1/4 (10шт.) ""POLAX"" 51-073","51-073","15","шт","ПРОДУКЦІЯ КОМПАНІЇ ""ULTRA SVET"" / ІНСТРУМЕНТ / POLAX / Столярно-слюсарний інструмент / Викрутки, набори викруток / Біти та бітотримачі / Біти односторонні","yes"
"POLAX","AgentPlus","D49B4FBD-8473-11E5-86EF-BC5FF4F4F2AA","Клини 32мм ""POLAX"" 1000-046 (50шт)","046","15","шт","ПРОДУКЦІЯ КОМПАНІЇ ""ULTRA SVET"" / ІНСТРУМЕНТ / POLAX / Інструмент для оздоблювальних робіт / Хрестики та клини для плитки","no"
"POLAX","AgentPlus","90373FD6-4562-11EE-9975-BC5FF4F4F2AA","Газовий пальник з активацією та вимиканням в один дотик ""POLAX"" 32-043","32-043","14","шт","ПРОДУКЦІЯ КОМПАНІЇ ""ULTRA SVET"" / ІНСТРУМЕНТ / POLAX / Кріпильний інструмент / Газові пальники, плитки / Газові пальники","yes"
"POLAX","AgentPlus","617A0207-4148-11EC-8D80-BC5FF4F4F2AA","Двостороння спінена клейка стрічка Стандарт 15мм*5м ""POLAX"" 101-032 (1шт)","032","14","шт","ПРОДУКЦІЯ КОМПАНІЇ ""ULTRA SVET"" / ІНСТРУМЕНТ / POLAX / Скотчі та спеціальні стрічки (0% знижка!) / Стрічка на спіненій основі","no"
"POLAX","AgentPlus","2942989A-9D71-11E3-822B-902B34A4365E","Клини 25мм ""POLAX"" 1000-045 (100шт)","100","13","шт","ПРОДУКЦІЯ КОМПАНІЇ ""ULTRA SVET"" / ІНСТРУМЕНТ / POLAX / Інструмент для оздоблювальних робіт / Хрестики та клини для плитки","no"
"POLAX","AgentPlus","AC52BFE9-4144-11EC-8D80-BC5FF4F4F2AA","Двостороння спінена клейка стрічка Стандарт 19мм*5м ""POLAX"" 101-033 (1шт)","033","11","шт","ПРОДУКЦІЯ КОМПАНІЇ ""ULTRA SVET"" / ІНСТРУМЕНТ / POLAX / Скотчі та спеціальні стрічки (0% знижка!) / Стрічка на спіненій основі","no"
"LEMANSO","AgentPlus","5FDCBF0B-0A0F-11E7-9A5A-BC5FF4F4F2AA","Лампа економка MR16 11W 2700K ""LEMANSO"" ESB926 - Розпродаж!","ESB926","643","шт","ПРОДУКЦІЯ КОМПАНІЇ ""ULTRA SVET"" / ЕЛЕКТРОТЕХНІЧНА ПРОДУКЦІЯ / LEMANSO / СВІТЛОТЕХНІЧНА ПРОДУКЦІЯ / Лампи / Лампа енергозберігаюча","yes"
"LEMANSO","AgentPlus","6FCB2E93-86B6-11E5-B379-BC5FF4F4F2AA","Лампа світлодіодна A60 10W E27 800LM 4000K 175-265V ""LEMANSO"" LM217","LM217","233","шт","ПРОДУКЦІЯ КОМПАНІЇ ""ULTRA SVET"" / ЕЛЕКТРОТЕХНІЧНА ПРОДУКЦІЯ / LEMANSO / СВІТЛОДІОДНА ПРОДУКЦІЯ / LED лампи / Лампи LED ( А60 - Груша ) / Лампи світлодіодні А60 - 4500К","yes"
"LEMANSO","AgentPlus","465D1FF0-594A-11EA-8B9C-BC5FF4F4F2AA","Лампа світлодіодна A60 10W E27 800LM 6500K 175-265V ""LEMANSO"" LM217","LM217","188","шт","ПРОДУКЦІЯ КОМПАНІЇ ""ULTRA SVET"" / ЕЛЕКТРОТЕХНІЧНА ПРОДУКЦІЯ / LEMANSO / СВІТЛОДІОДНА ПРОДУКЦІЯ / LED лампи / Лампи LED ( А60 - Груша ) / Лампи світлодіодні А60 - 6500К","yes"
"LEMANSO","AgentPlus","00D0572D-2C74-11E9-AF1A-BC5FF4F4F2AA","Світильник LED газон з вимк., 1LED білий IP44 6міс. метелик ""LEMANSO"" CAB124 - Розпродаж!","CAB124","118","шт","ПРОДУКЦІЯ КОМПАНІЇ ""ULTRA SVET"" / ЕЛЕКТРОТЕХНІЧНА ПРОДУКЦІЯ / LEMANSO / СВІТЛОДІОДНА ПРОДУКЦІЯ / LED світильники / Світильники LED садово-паркові та тротуарні / Світильники LED садові ( газон ) / Світильники LED садові ( газон ) декор","yes"
"LEMANSO","AgentPlus","34362478-A12B-11E8-836C-BC5FF4F4F2AA","Лампа світлодіодна A60 15W E27 1350LM 4000K 175-265V ""LEMANSO"" LM791","LM791","106","шт","ПРОДУКЦІЯ КОМПАНІЇ ""ULTRA SVET"" / ЕЛЕКТРОТЕХНІЧНА ПРОДУКЦІЯ / LEMANSO / СВІТЛОДІОДНА ПРОДУКЦІЯ / LED лампи / Лампи LED ( А60 - Груша ) / Лампи світлодіодні А60 - 4500К","yes"
"LEMANSO","AgentPlus","4FE7DB86-2C83-11E9-AF1A-BC5FF4F4F2AA","Світильник LED газон з вимк., 2LED білий IP44 6міс. курчата ""LEMANSO"" CAB136 - Розпродаж!","CAB136","93","шт","ПРОДУКЦІЯ КОМПАНІЇ ""ULTRA SVET"" / ЕЛЕКТРОТЕХНІЧНА ПРОДУКЦІЯ / LEMANSO / СВІТЛОДІОДНА ПРОДУКЦІЯ / LED світильники / Світильники LED садово-паркові та тротуарні / Світильники LED садові ( газон ) / Світильники LED садові ( газон ) декор","yes"
"LEMANSO","AgentPlus","F766F770-4D70-11EF-A71A-BC5FF4F4F2AA","Пензель тонкий укр 20мм LEMANSO 12524","LEMANSO12524","83","шт","ПРОДУКЦІЯ КОМПАНІЇ ""ULTRA SVET"" / ЕЛЕКТРОТЕХНІЧНА ПРОДУКЦІЯ / LEMANSO / ІНСТРУМЕНТ / Пензли","yes"
"LEMANSO","AgentPlus","C96623EF-7FEC-11EF-9094-BC5FF4F4F2AA","Кріплення роз'ємів ""LEMANSO"" LMA2627","LMA2627","71","шт","ПРОДУКЦІЯ КОМПАНІЇ ""ULTRA SVET"" / ЕЛЕКТРОТЕХНІЧНА ПРОДУКЦІЯ / LEMANSO / ЕЛЕКТРОІНСТАЛЯЦІЯ / Аксесуари / Кріплення роз'ємів","yes"
"LEMANSO","AgentPlus","294298DD-9D71-11E3-822B-902B34A4365E","Вилка кутова з/з біла ""LEMANSO"" LMA027","LMA027","70","шт","ПРОДУКЦІЯ КОМПАНІЇ ""ULTRA SVET"" / ЕЛЕКТРОТЕХНІЧНА ПРОДУКЦІЯ / LEMANSO / ЕЛЕКТРОІНСТАЛЯЦІЯ / Вилки, патрони, перехідники, трійники / Вилки, гнізда електричні / Вилки","yes"
"LEMANSO","AgentPlus","D5A8F1E1-5E78-11ED-8A90-BC5FF4F4F2AA","Вилка кутова з/з чорна ""LEMANSO"" LMA027","LMA027","65","шт","ПРОДУКЦІЯ КОМПАНІЇ ""ULTRA SVET"" / ЕЛЕКТРОТЕХНІЧНА ПРОДУКЦІЯ / LEMANSO / ЕЛЕКТРОІНСТАЛЯЦІЯ / Вилки, патрони, перехідники, трійники / Вилки, гнізда електричні / Вилки","yes"
"LEMANSO","AgentPlus","F53B6DEA-5665-11E7-AF12-BC5FF4F4F2AA","Лампа економка MR16 11W 4200K ""LEMANSO"" ESB926 - Розпродаж!","ESB926","65","шт","ПРОДУКЦІЯ КОМПАНІЇ ""ULTRA SVET"" / ЕЛЕКТРОТЕХНІЧНА ПРОДУКЦІЯ / LEMANSO / СВІТЛОТЕХНІЧНА ПРОДУКЦІЯ / Лампи / Лампа енергозберігаюча","yes"
"LEMANSO","AgentPlus","7D2B3270-00D9-11E8-BFD2-BC5FF4F4F2AA","Лампа світлодіодна A60 15W E27 1700LM 6500K 175-265V ""LEMANSO"" LM3038","LM3038","64","шт","ПРОДУКЦІЯ КОМПАНІЇ ""ULTRA SVET"" / ЕЛЕКТРОТЕХНІЧНА ПРОДУКЦІЯ / LEMANSO / СВІТЛОДІОДНА ПРОДУКЦІЯ / LED лампи / Лампи LED ( А60 - Груша ) / Лампи світлодіодні А60 - 6500К","yes"
"LEMANSO","AgentPlus","9381FB18-010B-11F1-9C6C-BC5FF4F4F2AA","Світильник світлодіодний 20W 6500K 2000LM IP20 0.6м ""Рояль"" ""LEMANSO"" LM983","LM983","58","шт","ПРОДУКЦІЯ КОМПАНІЇ ""ULTRA SVET"" / ЕЛЕКТРОТЕХНІЧНА ПРОДУКЦІЯ / LEMANSO / СВІТЛОДІОДНА ПРОДУКЦІЯ / LED світильники / Світильники LED заміна люмінесцентним / Світильники LED побутові IP20","yes"
"LEMANSO","AgentPlus","79091F4E-9198-11ED-AD9D-BC5FF4F4F2AA","Світлодіодний модуль №4 напр.12V мощ.0.72W 3*2835 90lm IP65 кут:140°""кратно 20 шт. ""LEMANSO""","IP65","55","шт","ПРОДУКЦІЯ КОМПАНІЇ ""ULTRA SVET"" / ЕЛЕКТРОТЕХНІЧНА ПРОДУКЦІЯ / LEMANSO / СВІТЛОДІОДНА ПРОДУКЦІЯ / LED модулі","yes"
"LEMANSO","AgentPlus","8CB3E4BC-7907-11E8-B71A-BC5FF4F4F2AA","Клей Глобус 2г Ціанокрілан твердий - Розпродаж!","","49","шт","ПРОДУКЦІЯ КОМПАНІЇ ""ULTRA SVET"" / ЕЛЕКТРОТЕХНІЧНА ПРОДУКЦІЯ / LEMANSO / AКЦІЯ! - Розпродаж!","no"
"LEMANSO","AgentPlus","B46A1D7A-703C-11EB-91F5-BC5FF4F4F2AA","З'єднувач 1 затискач 2pin 8mm провід 15см + гніздо DC 5.5мм / 2,1мм ""LEMANSO"" LMA9410","LMA9410","46","шт","ПРОДУКЦІЯ КОМПАНІЇ ""ULTRA SVET"" / ЕЛЕКТРОТЕХНІЧНА ПРОДУКЦІЯ / LEMANSO / СВІТЛОДІОДНА ПРОДУКЦІЯ / LED лента / Аксесуари для стрічки / З'єднувачі","yes"
"LEMANSO","AgentPlus","E97B26A5-CA42-11E4-9DB7-BC5FF4F4F2AA","Лампа світлодіодна G45 1,2W E27 230V 6500К біла кулька ""LEMANSO"" LM705","LM705","46","шт","ПРОДУКЦІЯ КОМПАНІЇ ""ULTRA SVET"" / ЕЛЕКТРОТЕХНІЧНА ПРОДУКЦІЯ / LEMANSO / СВІТЛОДІОДНА ПРОДУКЦІЯ / LED лампи / Лампи LED ( G - Кулька ) / Лампи світлодіодні G45 кольорові","yes"
"LEMANSO","AgentPlus","95E366F3-F620-11E9-B7FC-BC5FF4F4F2AA","Лампа світлодіодна MR16 6W 600LM 5000K 175-265V матова ""LEMANSO"" LM3070","LM3070","41","шт","ПРОДУКЦІЯ КОМПАНІЇ ""ULTRA SVET"" / ЕЛЕКТРОТЕХНІЧНА ПРОДУКЦІЯ / LEMANSO / СВІТЛОДІОДНА ПРОДУКЦІЯ / LED лампи / Лампи LED ( Галогенні ) / Лампи світлодіодні MR16 / Лампи світлодіодні MR16 - 5000К","yes"
"LEMANSO","AgentPlus","D6FB6356-6F5E-11EB-AA5C-BC5FF4F4F2AA","Лампа світлодіодна MR16 6W 600LM 6500K 175-265V матова ""LEMANSO"" LM3070","LM3070","41","шт","ПРОДУКЦІЯ КОМПАНІЇ ""ULTRA SVET"" / ЕЛЕКТРОТЕХНІЧНА ПРОДУКЦІЯ / LEMANSO / СВІТЛОДІОДНА ПРОДУКЦІЯ / LED лампи / Лампи LED ( Галогенні ) / Лампи світлодіодні MR16 / Лампи світлодіодні MR16 - 6500К","yes"
"LEMANSO","AgentPlus","789F0647-1C4F-11F1-BCFB-BC5FF4F4F2AA","Патрон E27 пластиковий прямий білий ""LEMANSO"" LM2535","LM2535","41","шт","ПРОДУКЦІЯ КОМПАНІЇ ""ULTRA SVET"" / ЕЛЕКТРОТЕХНІЧНА ПРОДУКЦІЯ / LEMANSO / ЕЛЕКТРОІНСТАЛЯЦІЯ / Вилки, патрони, перехідники, трійники / Патрони, патрони - перехідники / Патрони / Патрони пластик/метал","yes"
"E.NEXT","AgentPlus","4909741C-2D6D-11E9-AF12-BC5FF4F4F2AA","Труба гофрована ПВХ з протяжкою e.g.tube.stand.14.20.p 14/20 (100м) ""E.NEXT"" s028002","s028002","400","шт","ПРОДУКЦІЯ КОМПАНІЇ ""ULTRA SVET"" / ЕЛЕКТРОТЕХНІЧНА ПРОДУКЦІЯ / E.NEXT / Вироби для прокладання кабеля / Труби гофровані з протяжкою / Труба гофрована українського виробництва G.TUBE серії STAND","yes"
"E.NEXT","AgentPlus","7C7C1CDC-BFCD-11E8-8F11-BC5FF4F4F2AA","Гільза мідна луджена кабельна з'єднувальна e.tube.stand.gty.1.5 ""E.NEXT"" s041001","s041001","109","шт","ПРОДУКЦІЯ КОМПАНІЇ ""ULTRA SVET"" / ЕЛЕКТРОТЕХНІЧНА ПРОДУКЦІЯ / E.NEXT / Вироби для монтажу / Наконечники та гільзи кабельні / Кабельні гільзи / Кабельні гільзи сполучні під опресування GTY серії STAND","yes"
"E.NEXT","AgentPlus","3E57A96E-9D71-11E3-822B-902B34A4365E","Модульний автоматичний вимикач e.mcb.stand.45.1.C16, 1р, 16А, C, 4.5 кА ""E.NEXT"" s002008 (12шт.)","s002008","85","шт","ПРОДУКЦІЯ КОМПАНІЇ ""ULTRA SVET"" / ЕЛЕКТРОТЕХНІЧНА ПРОДУКЦІЯ / E.NEXT / Модульне обладнення / Модульні автоматичні вимикачі MCB / Модульні автоматичні вимикачі серії STANDARD / Модульні автоматичні вимикачі серії STAND C, 1-3р, 1-63А, 4,5 кА / Автоматичні вимикачі серії E.STAND клас ""С"" - 1 полюс","yes"
"E.NEXT","AgentPlus","7C7C1CDE-BFCD-11E8-8F11-BC5FF4F4F2AA","Гільза мідна луджена кабельна з'єднувальна e.tube.stand.gty.2.5 ""E.NEXT"" s041002","s041002","80","шт","ПРОДУКЦІЯ КОМПАНІЇ ""ULTRA SVET"" / ЕЛЕКТРОТЕХНІЧНА ПРОДУКЦІЯ / E.NEXT / Вироби для монтажу / Наконечники та гільзи кабельні / Кабельні гільзи / Кабельні гільзи сполучні під опресування GTY серії STAND","yes"
"E.NEXT","AgentPlus","87AA5B0A-1A2B-11E9-9C45-BC5FF4F4F2AA","Ізолента e.tape.pro.10.black із самозгасаючого ПВХ, чорна (10м) ""E.NEXT"" p0450006","p0450006","70","шт","ПРОДУКЦІЯ КОМПАНІЇ ""ULTRA SVET"" / ЕЛЕКТРОТЕХНІЧНА ПРОДУКЦІЯ / E.NEXT / Вироби для монтажу / Ізолента / Ізолента TAPE із самозагасаючого ПВХ серії PRO","yes"
"E.NEXT","AgentPlus","EA8DDB97-369A-11E9-A828-BC5FF4F4F2AA","Ізолента e.tape.pro.10.blue із самозгасаючого ПВХ, синя (10м) ""E.NEXT"" p0450005","p0450005","65","шт","ПРОДУКЦІЯ КОМПАНІЇ ""ULTRA SVET"" / ЕЛЕКТРОТЕХНІЧНА ПРОДУКЦІЯ / E.NEXT / Вироби для монтажу / Ізолента / Ізолента TAPE із самозагасаючого ПВХ серії PRO","yes"
"E.NEXT","AgentPlus","6DA07D50-614A-11E7-AEB5-BC5FF4F4F2AA","Підвісний затискач e.h.clamp.pro.16.gath, з затиском , 16 кв.мм  ""E.NEXT"" p024001","p024001","41","шт","ПРОДУКЦІЯ КОМПАНІЇ ""ULTRA SVET"" / ЕЛЕКТРОТЕХНІЧНА ПРОДУКЦІЯ / E.NEXT / Вироби для прокладання кабеля / Арматура СІП / Затискачі / Підвісні затискачі / Підвісні затискачі із затискачем H.CLAMP серії PRO","yes"
"E.NEXT","AgentPlus","3E57A971-9D71-11E3-822B-902B34A4365E","Модульний автоматичний вимикач e.mcb.stand.45.1.C32, 1р, 32А, C, 4.5 кА ""E.NEXT"" s002011 (12шт.)","s002011","34","шт","ПРОДУКЦІЯ КОМПАНІЇ ""ULTRA SVET"" / ЕЛЕКТРОТЕХНІЧНА ПРОДУКЦІЯ / E.NEXT / Модульне обладнення / Модульні автоматичні вимикачі MCB / Модульні автоматичні вимикачі серії STANDARD / Модульні автоматичні вимикачі серії STAND C, 1-3р, 1-63А, 4,5 кА / Автоматичні вимикачі серії E.STAND клас ""С"" - 1 полюс","yes"
"E.NEXT","AgentPlus","3E57A974-9D71-11E3-822B-902B34A4365E","Модульний автоматичний вимикач e.mcb.stand.45.1.C6, 1р, 6А, C, 4.5 кА ""E.NEXT"" s002006 (12шт.)","s002006","34","шт","ПРОДУКЦІЯ КОМПАНІЇ ""ULTRA SVET"" / ЕЛЕКТРОТЕХНІЧНА ПРОДУКЦІЯ / E.NEXT / Модульне обладнення / Модульні автоматичні вимикачі MCB / Модульні автоматичні вимикачі серії STANDARD / Модульні автоматичні вимикачі серії STAND C, 1-3р, 1-63А, 4,5 кА / Автоматичні вимикачі серії E.STAND клас ""С"" - 1 полюс","yes"
"E.NEXT","AgentPlus","0CB6B8DB-36B3-11E9-A828-BC5FF4F4F2AA","Ізолента e.tape.pro.20.yellow із самозгасаючого ПВХ, жовта (20м) ""E.NEXT"" p0450009","p0450009","33","шт","ПРОДУКЦІЯ КОМПАНІЇ ""ULTRA SVET"" / ЕЛЕКТРОТЕХНІЧНА ПРОДУКЦІЯ / E.NEXT / Вироби для монтажу / Ізолента / Ізолента TAPE із самозагасаючого ПВХ серії PRO","yes"
"E.NEXT","AgentPlus","3E57A97A-9D71-11E3-822B-902B34A4365E","Модульний автоматичний вимикач e.mcb.stand.45.2.C25, 2р, 25А, C, 4.5 кА ""E.NEXT"" s002019 (6шт.)","s002019","31","шт","ПРОДУКЦІЯ КОМПАНІЇ ""ULTRA SVET"" / ЕЛЕКТРОТЕХНІЧНА ПРОДУКЦІЯ / E.NEXT / Модульне обладнення / Модульні автоматичні вимикачі MCB / Модульні автоматичні вимикачі серії STANDARD / Модульні автоматичні вимикачі серії STAND C, 1-3р, 1-63А, 4,5 кА / Автоматичні вимикачі серії E.STAND клас ""С"" - 2 полюси","yes"
"E.NEXT","AgentPlus","0CB6B8D5-36B3-11E9-A828-BC5FF4F4F2AA","Ізолента e.tape.pro.20.green із самозгасаючого ПВХ, зелена (20м) ""E.NEXT"" p0450010","p0450010","30","шт","ПРОДУКЦІЯ КОМПАНІЇ ""ULTRA SVET"" / ЕЛЕКТРОТЕХНІЧНА ПРОДУКЦІЯ / E.NEXT / Вироби для монтажу / Ізолента / Ізолента TAPE із самозагасаючого ПВХ серії PRO","yes"
"E.NEXT","AgentPlus","7C7C1CE4-BFCD-11E8-8F11-BC5FF4F4F2AA","Гільза мідна луджена кабельна з'єднувальна e.tube.stand.gty.10 ""E.NEXT"" s041005","s041005","29","шт","ПРОДУКЦІЯ КОМПАНІЇ ""ULTRA SVET"" / ЕЛЕКТРОТЕХНІЧНА ПРОДУКЦІЯ / E.NEXT / Вироби для монтажу / Наконечники та гільзи кабельні / Кабельні гільзи / Кабельні гільзи сполучні під опресування GTY серії STAND","yes"
"E.NEXT","AgentPlus","C0EABFA7-B41B-11E9-BC39-BC5FF4F4F2AA","Термоусаджувальна трубка e.termo.stand.4.2.transparent, 4/2, 1м, прозора ""E.NEXT"" s024196","s024196","28","шт","ПРОДУКЦІЯ КОМПАНІЇ ""ULTRA SVET"" / ЕЛЕКТРОТЕХНІЧНА ПРОДУКЦІЯ / E.NEXT / Вироби для монтажу / Вироби для щитового обладнання / Термозбіжні вироби / Трубки термоусаджувальні TERMO серії STAND / Трубки термоусаджувані 4/2","yes"
"E.NEXT","AgentPlus","3E57A970-9D71-11E3-822B-902B34A4365E","Модульний автоматичний вимикач e.mcb.stand.45.1.C25, 1р, 25А, C, 4.5 кА ""E.NEXT"" s002010 (12шт.)","s002010","27","шт","ПРОДУКЦІЯ КОМПАНІЇ ""ULTRA SVET"" / ЕЛЕКТРОТЕХНІЧНА ПРОДУКЦІЯ / E.NEXT / Модульне обладнення / Модульні автоматичні вимикачі MCB / Модульні автоматичні вимикачі серії STANDARD / Модульні автоматичні вимикачі серії STAND C, 1-3р, 1-63А, 4,5 кА / Автоматичні вимикачі серії E.STAND клас ""С"" - 1 полюс","yes"
"E.NEXT","AgentPlus","3E57A972-9D71-11E3-822B-902B34A4365E","Модульний автоматичний вимикач e.mcb.stand.45.1.C40, 1р, 40А, C, 4.5 кА ""E.NEXT"" s002012 (12шт.)","s002012","26","шт","ПРОДУКЦІЯ КОМПАНІЇ ""ULTRA SVET"" / ЕЛЕКТРОТЕХНІЧНА ПРОДУКЦІЯ / E.NEXT / Модульне обладнення / Модульні автоматичні вимикачі MCB / Модульні автоматичні вимикачі серії STANDARD / Модульні автоматичні вимикачі серії STAND C, 1-3р, 1-63А, 4,5 кА / Автоматичні вимикачі серії E.STAND клас ""С"" - 1 полюс","yes"
"E.NEXT","AgentPlus","370502EB-9D71-11E3-822B-902B34A4365E","DIN-рейка e.din.stand.rail.101,( 1м. ) ""E.NEXT"" s023001","s023001","25","шт","ПРОДУКЦІЯ КОМПАНІЇ ""ULTRA SVET"" / ЕЛЕКТРОТЕХНІЧНА ПРОДУКЦІЯ / E.NEXT / Вироби для монтажу / Вироби для щитового обладнання / DIN-рейка","yes"
"E.NEXT","AgentPlus","F8B6EA79-1620-11E7-A03F-BC5FF4F4F2AA","Термоусаджувальна трубка e.termo.stand.12.6.blue  12/6,  1м, синя ""E.NEXT"" s024028","s024028","23","шт","ПРОДУКЦІЯ КОМПАНІЇ ""ULTRA SVET"" / ЕЛЕКТРОТЕХНІЧНА ПРОДУКЦІЯ / E.NEXT / Вироби для монтажу / Вироби для щитового обладнання / Термозбіжні вироби / Трубки термоусаджувальні TERMO серії STAND / Трубки термоусаджувані 12/6","yes"
"E.NEXT","AgentPlus","6DA07D52-614A-11E7-AEB5-BC5FF4F4F2AA","Термоусаджувальна трубка e.termo.stand.2.1.yellow-green, 2/1, 1м, жовто-зелена ""E.NEXT"" s024193","s024193","23","шт","ПРОДУКЦІЯ КОМПАНІЇ ""ULTRA SVET"" / ЕЛЕКТРОТЕХНІЧНА ПРОДУКЦІЯ / E.NEXT / Вироби для монтажу / Вироби для щитового обладнання / Термозбіжні вироби / Трубки термоусаджувальні TERMO серії STAND / Трубки термоусаджувані 2/1","yes"
"E.NEXT","AgentPlus","3E57A89D-9D71-11E3-822B-902B34A4365E","Термоусаджувальна трубка e.termo.stand.8.4.black  8/4,  1м, чорна ""E.NEXT"" s024020","s024020","23","шт","ПРОДУКЦІЯ КОМПАНІЇ ""ULTRA SVET"" / ЕЛЕКТРОТЕХНІЧНА ПРОДУКЦІЯ / E.NEXT / Вироби для монтажу / Вироби для щитового обладнання / Термозбіжні вироби / Трубки термоусаджувальні TERMO серії STAND / Трубки термоусаджувані 8/4","yes"
"SCHNEIDER","AgentPlus","DD947D2B-33C9-11E7-BB4B-BC5FF4F4F2AA","Автоматичний вимикач 1 пол. 25А С 4,5 кА Easy9 ""Schneider Electric"" EZ9F34125","","73","шт","ПРОДУКЦІЯ КОМПАНІЇ ""ULTRA SVET"" / ЕЛЕКТРОТЕХНІЧНА ПРОДУКЦІЯ / SCHNEIDER / Низьковольтне обладнання / Серія - Easy9 / Автоматичні вимикачі - EASY9 / Автоматичні вимикачі - EASY9 - клас ""С""","no"
"SCHNEIDER","AgentPlus","DD947D27-33C9-11E7-BB4B-BC5FF4F4F2AA","Автоматичний вимикач 1 пол. 16А С 4,5 кА Easy9 ""Schneider Electric"" EZ9F34116","","34","шт","ПРОДУКЦІЯ КОМПАНІЇ ""ULTRA SVET"" / ЕЛЕКТРОТЕХНІЧНА ПРОДУКЦІЯ / SCHNEIDER / Низьковольтне обладнання / Серія - Easy9 / Автоматичні вимикачі - EASY9 / Автоматичні вимикачі - EASY9 - клас ""С""","no"
"SCHNEIDER","AgentPlus","53C7F996-9D71-11E3-822B-902B34A4365E","Вимикач 1-кл. внутрішній білий ""SCHNEIDER Asfora"" EPH0100121","EPH0100121","30","шт","ПРОДУКЦІЯ КОМПАНІЇ ""ULTRA SVET"" / ЕЛЕКТРОТЕХНІЧНА ПРОДУКЦІЯ / SCHNEIDER / Електрофурнітура / Серія ASFORA ( внутрішня ) / Серія ASFORA ( колір білий )","yes"
"SCHNEIDER","AgentPlus","53C7F998-9D71-11E3-822B-902B34A4365E","Вимикач 2-кл. внутрішній білий ""SCHNEIDER Asfora"" EPH0300121","EPH0300121","28","шт","ПРОДУКЦІЯ КОМПАНІЇ ""ULTRA SVET"" / ЕЛЕКТРОТЕХНІЧНА ПРОДУКЦІЯ / SCHNEIDER / Електрофурнітура / Серія ASFORA ( внутрішня ) / Серія ASFORA ( колір білий )","yes"
"SCHNEIDER","AgentPlus","DD947D25-33C9-11E7-BB4B-BC5FF4F4F2AA","Автоматичний вимикач 1 пол. 10А С 4,5 кА Easy9 ""Schneider Electric"" EZ9F34110","","26","шт","ПРОДУКЦІЯ КОМПАНІЇ ""ULTRA SVET"" / ЕЛЕКТРОТЕХНІЧНА ПРОДУКЦІЯ / SCHNEIDER / Низьковольтне обладнання / Серія - Easy9 / Автоматичні вимикачі - EASY9 / Автоматичні вимикачі - EASY9 - клас ""С""","no"
"SCHNEIDER","AgentPlus","53C7F99E-9D71-11E3-822B-902B34A4365E","Розетка 1-а з/з внутрішня біла ""SCHNEIDER Asfora"" EPH2900121","EPH2900121","20","шт","ПРОДУКЦІЯ КОМПАНІЇ ""ULTRA SVET"" / ЕЛЕКТРОТЕХНІЧНА ПРОДУКЦІЯ / SCHNEIDER / Електрофурнітура / Серія ASFORA ( внутрішня ) / Серія ASFORA ( колір білий )","yes"
"SCHNEIDER","AgentPlus","DD947D2D-33C9-11E7-BB4B-BC5FF4F4F2AA","Автоматичний вимикач 1 пол. 32А С 4,5 кА Easy9 ""Schneider Electric"" EZ9F34132","","7","шт","ПРОДУКЦІЯ КОМПАНІЇ ""ULTRA SVET"" / ЕЛЕКТРОТЕХНІЧНА ПРОДУКЦІЯ / SCHNEIDER / Низьковольтне обладнання / Серія - Easy9 / Автоматичні вимикачі - EASY9 / Автоматичні вимикачі - EASY9 - клас ""С""","no"
"SCHNEIDER","AgentPlus","FB60E36F-33B9-11E7-BB4B-BC5FF4F4F2AA","Автоматичний вимикач 2 пол. 20А C 4,5 кА Easy9 ""Schneider Electric"" EZ9F34220","","7","шт","ПРОДУКЦІЯ КОМПАНІЇ ""ULTRA SVET"" / ЕЛЕКТРОТЕХНІЧНА ПРОДУКЦІЯ / SCHNEIDER / Низьковольтне обладнання / Серія - Easy9 / Автоматичні вимикачі - EASY9 / Автоматичні вимикачі - EASY9 - клас ""С""","no"
"SCHNEIDER","AgentPlus","53C7F997-9D71-11E3-822B-902B34A4365E","Вимикач 1-кл. внутрішній з підсвічуванням білий ""SCHNEIDER Asfora"" EPH1400121","EPH1400121","7","шт","ПРОДУКЦІЯ КОМПАНІЇ ""ULTRA SVET"" / ЕЛЕКТРОТЕХНІЧНА ПРОДУКЦІЯ / SCHNEIDER / Електрофурнітура / Серія ASFORA ( внутрішня ) / Серія ASFORA ( колір білий )","yes"
"SCHNEIDER","AgentPlus","DD947D2F-33C9-11E7-BB4B-BC5FF4F4F2AA","Автоматичний вимикач 1 пол. 40А С 4,5 кА Easy9 ""Schneider Electric"" EZ9F34140","","6","шт","ПРОДУКЦІЯ КОМПАНІЇ ""ULTRA SVET"" / ЕЛЕКТРОТЕХНІЧНА ПРОДУКЦІЯ / SCHNEIDER / Низьковольтне обладнання / Серія - Easy9 / Автоматичні вимикачі - EASY9 / Автоматичні вимикачі - EASY9 - клас ""С""","no"
"SCHNEIDER","AgentPlus","CD3FDA2F-EB27-11E4-B79D-BC5FF4F4F2AA","Вимикач 2-кл. внутрішній прохідний білий ""SCHNEIDER Asfora"" EPH0600121","EPH0600121","6","шт","ПРОДУКЦІЯ КОМПАНІЇ ""ULTRA SVET"" / ЕЛЕКТРОТЕХНІЧНА ПРОДУКЦІЯ / SCHNEIDER / Електрофурнітура / Серія ASFORA ( внутрішня ) / Серія ASFORA ( колір білий )","yes"
"SCHNEIDER","AgentPlus","DD947D29-33C9-11E7-BB4B-BC5FF4F4F2AA","Автоматичний вимикач 1 пол. 20А С 4,5 кА Easy9 ""Schneider Electric"" EZ9F34120","","5","шт","ПРОДУКЦІЯ КОМПАНІЇ ""ULTRA SVET"" / ЕЛЕКТРОТЕХНІЧНА ПРОДУКЦІЯ / SCHNEIDER / Низьковольтне обладнання / Серія - Easy9 / Автоматичні вимикачі - EASY9 / Автоматичні вимикачі - EASY9 - клас ""С""","no"
"SCHNEIDER","AgentPlus","E613936C-D4B3-11E5-BEDE-BC5FF4F4F2AA","Автоматичний вимикач 1 пол. 50А C 4,5 кА Easy9 ""Schneider Electric"" EZ9F34150","","5","шт","ПРОДУКЦІЯ КОМПАНІЇ ""ULTRA SVET"" / ЕЛЕКТРОТЕХНІЧНА ПРОДУКЦІЯ / SCHNEIDER / Низьковольтне обладнання / Серія - Easy9 / Автоматичні вимикачі - EASY9 / Автоматичні вимикачі - EASY9 - клас ""С""","no"
"SCHNEIDER","AgentPlus","FB60E36D-33B9-11E7-BB4B-BC5FF4F4F2AA","Автоматичний вимикач 2 пол. 16А C 4,5 кА Easy9 ""Schneider Electric"" EZ9F34216","","4","шт","ПРОДУКЦІЯ КОМПАНІЇ ""ULTRA SVET"" / ЕЛЕКТРОТЕХНІЧНА ПРОДУКЦІЯ / SCHNEIDER / Низьковольтне обладнання / Серія - Easy9 / Автоматичні вимикачі - EASY9 / Автоматичні вимикачі - EASY9 - клас ""С""","no"
"SCHNEIDER","AgentPlus","FB60E379-33B9-11E7-BB4B-BC5FF4F4F2AA","Автоматичний вимикач 2 пол. 63А C 4,5 кА Easy9 ""Schneider Electric"" EZ9F34263","","4","шт","ПРОДУКЦІЯ КОМПАНІЇ ""ULTRA SVET"" / ЕЛЕКТРОТЕХНІЧНА ПРОДУКЦІЯ / SCHNEIDER / Низьковольтне обладнання / Серія - Easy9 / Автоматичні вимикачі - EASY9 / Автоматичні вимикачі - EASY9 - клас ""С""","no"
"SCHNEIDER","AgentPlus","DD947D3B-33C9-11E7-BB4B-BC5FF4F4F2AA","Автоматичний вимикач 3 пол. 32А С 4,5 кА Easy9 ""Schneider Electric"" EZ9F34332","","4","шт","ПРОДУКЦІЯ КОМПАНІЇ ""ULTRA SVET"" / ЕЛЕКТРОТЕХНІЧНА ПРОДУКЦІЯ / SCHNEIDER / Низьковольтне обладнання / Серія - Easy9 / Автоматичні вимикачі - EASY9 / Автоматичні вимикачі - EASY9 - клас ""С""","no"
"SCHNEIDER","AgentPlus","53C7F99C-9D71-11E3-822B-902B34A4365E","Рамка 4-а горизонтальна біла ""SCHNEIDER Asfora"" EPH5800421","EPH5800421","4","шт","ПРОДУКЦІЯ КОМПАНІЇ ""ULTRA SVET"" / ЕЛЕКТРОТЕХНІЧНА ПРОДУКЦІЯ / SCHNEIDER / Електрофурнітура / Серія ASFORA ( внутрішня ) / Серія ASFORA ( колір білий )","yes"
"SCHNEIDER","AgentPlus","E613936E-D4B3-11E5-BEDE-BC5FF4F4F2AA","Автоматичний вимикач 1 пол. 63А C 4,5 кА Easy9 ""Schneider Electric"" EZ9F34163","","3","шт","ПРОДУКЦІЯ КОМПАНІЇ ""ULTRA SVET"" / ЕЛЕКТРОТЕХНІЧНА ПРОДУКЦІЯ / SCHNEIDER / Низьковольтне обладнання / Серія - Easy9 / Автоматичні вимикачі - EASY9 / Автоматичні вимикачі - EASY9 - клас ""С""","no"
"SCHNEIDER","AgentPlus","FB60E377-33B9-11E7-BB4B-BC5FF4F4F2AA","Автоматичний вимикач 2 пол. 50А C 4,5 кА Easy9 ""Schneider Electric"" EZ9F34250","","3","шт","ПРОДУКЦІЯ КОМПАНІЇ ""ULTRA SVET"" / ЕЛЕКТРОТЕХНІЧНА ПРОДУКЦІЯ / SCHNEIDER / Низьковольтне обладнання / Серія - Easy9 / Автоматичні вимикачі - EASY9 / Автоматичні вимикачі - EASY9 - клас ""С""","no"
"SCHNEIDER","AgentPlus","774907C3-DB96-11EA-85C0-BC5FF4F4F2AA","Вимикач 1-кл. внутрішній з підсвічуванням антрацит ""SCHNEIDER Asfora"" EPH1400171","EPH1400171","3","шт","ПРОДУКЦІЯ КОМПАНІЇ ""ULTRA SVET"" / ЕЛЕКТРОТЕХНІЧНА ПРОДУКЦІЯ / SCHNEIDER / Електрофурнітура / Серія ASFORA ( внутрішня ) / Серія ASFORA ( колір антрацит )","yes"
"LEZARD","AgentPlus","BA14D623-9EEA-11EB-AE88-BC5FF4F4F2AA","Розетка 2-а б/з внутрішня білий LEZARD Deriy 702-0202-128В","Deriy702-0202-128","134","шт","ПРОДУКЦІЯ КОМПАНІЇ ""ULTRA SVET"" / ЕЛЕКТРОТЕХНІЧНА ПРОДУКЦІЯ / LEZARD / Електрофурнітура / Серія DERIY ( внутрішня серія ) / Серія DERIY ( колір білий )","yes"
"LEZARD","AgentPlus","CC586505-9EEA-11EB-AE88-BC5FF4F4F2AA","Розетка 1-а б/з внутрішня білий LEZARD Deriy 702-0202-121В","Deriy702-0202-121","123","шт","ПРОДУКЦІЯ КОМПАНІЇ ""ULTRA SVET"" / ЕЛЕКТРОТЕХНІЧНА ПРОДУКЦІЯ / LEZARD / Електрофурнітура / Серія DERIY ( внутрішня серія ) / Серія DERIY ( колір білий )","yes"
"LEZARD","AgentPlus","CC5864D5-9EEA-11EB-AE88-BC5FF4F4F2AA","Розетка 1-а з/з внутрішня білий LEZARD Deriy 702-0202-122В","Deriy702-0202-122","54","шт","ПРОДУКЦІЯ КОМПАНІЇ ""ULTRA SVET"" / ЕЛЕКТРОТЕХНІЧНА ПРОДУКЦІЯ / LEZARD / Електрофурнітура / Серія DERIY ( внутрішня серія ) / Серія DERIY ( колір білий )","yes"
"LEZARD","AgentPlus","CC5864AD-9EEA-11EB-AE88-BC5FF4F4F2AA","Розетка 2-а б/з внутрішня білий LEZARD Lesya 705-0202-128B","705-0202-128B","44","шт","ПРОДУКЦІЯ КОМПАНІЇ ""ULTRA SVET"" / ЕЛЕКТРОТЕХНІЧНА ПРОДУКЦІЯ / LEZARD / Електрофурнітура / Серія LESYA  ( внутрішня серія ) / Серія LESYA  ( колір білий )","yes"
"LEZARD","AgentPlus","AD95071C-9EEA-11EB-AE88-BC5FF4F4F2AA","Вимикач 1-кл. зовніішній білий LEZARD Demet 711-0200-100","711-0200-100","43","шт","ПРОДУКЦІЯ КОМПАНІЇ ""ULTRA SVET"" / ЕЛЕКТРОТЕХНІЧНА ПРОДУКЦІЯ / LEZARD / Електрофурнітура / Серія DEMET ( зовнішня серія ) / Серія DEMET ( колір білий )","yes"
"LEZARD","AgentPlus","CC5864DD-9EEA-11EB-AE88-BC5FF4F4F2AA","Розетка 1-а з/з внутрішня з кришкою білий LEZARD Deriy 702-0202-123B","702-0202-123B","37","шт","ПРОДУКЦІЯ КОМПАНІЇ ""ULTRA SVET"" / ЕЛЕКТРОТЕХНІЧНА ПРОДУКЦІЯ / LEZARD / Електрофурнітура / Серія DERIY ( внутрішня серія ) / Серія DERIY ( колір білий )","yes"
"LEZARD","AgentPlus","838F527F-09CC-11EC-A0DF-BC5FF4F4F2AA","Розетка 1-а б/з внутрішня білий з білою вставкою LEZARD Mira 701-0202-121B","701-0202-121B","36","шт","ПРОДУКЦІЯ КОМПАНІЇ ""ULTRA SVET"" / ЕЛЕКТРОТЕХНІЧНА ПРОДУКЦІЯ / LEZARD / Електрофурнітура / Серія MIRA ( внутрішня серія ) / Серія MIRA ( колір білий )","yes"
"LEZARD","AgentPlus","A8BF3E88-E633-11EB-9099-BC5FF4F4F2AA","Розетка 1-а б/з зовнішня білий LEZARD Viola 751-0200-121","751-0200-121","36","шт","ПРОДУКЦІЯ КОМПАНІЇ ""ULTRA SVET"" / ЕЛЕКТРОТЕХНІЧНА ПРОДУКЦІЯ / LEZARD / Електрофурнітура / Серія VIOLA ( зовнішня серія ) / Серія VIOLA ( колір білий )","yes"
"LEZARD","AgentPlus","CC5864C5-9EEA-11EB-AE88-BC5FF4F4F2AA","Розетка 2-а з/з внутрішня білий LEZARD Lesya 705-0202-127B","705-0202-127B","36","шт","ПРОДУКЦІЯ КОМПАНІЇ ""ULTRA SVET"" / ЕЛЕКТРОТЕХНІЧНА ПРОДУКЦІЯ / LEZARD / Електрофурнітура / Серія LESYA  ( внутрішня серія ) / Серія LESYA  ( колір білий )","yes"
"LEZARD","AgentPlus","AD950718-9EEA-11EB-AE88-BC5FF4F4F2AA","Розетка 1-а з/з зовнішня білий LEZARD Demet 711-0200-122","711-0200-122","32","шт","ПРОДУКЦІЯ КОМПАНІЇ ""ULTRA SVET"" / ЕЛЕКТРОТЕХНІЧНА ПРОДУКЦІЯ / LEZARD / Електрофурнітура / Серія DEMET ( зовнішня серія ) / Серія DEMET ( колір білий )","yes"
"LEZARD","AgentPlus","6CE8B284-08C6-11EC-BA3D-BC5FF4F4F2AA","Розетка 1-а з/з внутрішня крем LEZARD Deriy 702-0303-122В","Deriy702-0303-122","30","шт","ПРОДУКЦІЯ КОМПАНІЇ ""ULTRA SVET"" / ЕЛЕКТРОТЕХНІЧНА ПРОДУКЦІЯ / LEZARD / Електрофурнітура / Серія DERIY ( внутрішня серія ) / Серія DERIY ( колір крем )","yes"
"LEZARD","AgentPlus","EF8EA44E-08F8-11EC-BA3D-BC5FF4F4F2AA","Розетка 2-а б/з внутрішня крем LEZARD Deriy 702-0303-128B","702-0303-128B","30","шт","ПРОДУКЦІЯ КОМПАНІЇ ""ULTRA SVET"" / ЕЛЕКТРОТЕХНІЧНА ПРОДУКЦІЯ / LEZARD / Електрофурнітура / Серія DERIY ( внутрішня серія ) / Серія DERIY ( колір крем )","yes"
"LEZARD","AgentPlus","AD95071A-9EEA-11EB-AE88-BC5FF4F4F2AA","Розетка 2-а б/з зовнішня закритий корпус білий LEZARD Demet 711-0200-128","711-0200-128","28","шт","ПРОДУКЦІЯ КОМПАНІЇ ""ULTRA SVET"" / ЕЛЕКТРОТЕХНІЧНА ПРОДУКЦІЯ / LEZARD / Електрофурнітура / Серія DEMET ( зовнішня серія ) / Серія DEMET ( колір білий )","yes"
"LEZARD","AgentPlus","5575F170-09C9-11EC-A0DF-BC5FF4F4F2AA","Вимикач 1-кл. внутрішній білий з білою вставкою LEZARD Mira 701-0202-100","701-0202-100","27","шт","ПРОДУКЦІЯ КОМПАНІЇ ""ULTRA SVET"" / ЕЛЕКТРОТЕХНІЧНА ПРОДУКЦІЯ / LEZARD / Електрофурнітура / Серія MIRA ( внутрішня серія ) / Серія MIRA ( колір білий )","yes"
"LEZARD","AgentPlus","AD95073C-9EEA-11EB-AE88-BC5FF4F4F2AA","Розетка 2-а з/з зовнішня закритий корпус білий LEZARD Demet 711-0200-127","711-0200-127","27","шт","ПРОДУКЦІЯ КОМПАНІЇ ""ULTRA SVET"" / ЕЛЕКТРОТЕХНІЧНА ПРОДУКЦІЯ / LEZARD / Електрофурнітура / Серія DEMET ( зовнішня серія ) / Серія DEMET ( колір білий )","yes"
"LEZARD","AgentPlus","CC5864C3-9EEA-11EB-AE88-BC5FF4F4F2AA","Розетка 1-а з/з внутрішня білий LEZARD Lesya 705-0202-122B","705-0202-122B","26","шт","ПРОДУКЦІЯ КОМПАНІЇ ""ULTRA SVET"" / ЕЛЕКТРОТЕХНІЧНА ПРОДУКЦІЯ / LEZARD / Електрофурнітура / Серія LESYA  ( внутрішня серія ) / Серія LESYA  ( колір білий )","yes"
"LEZARD","AgentPlus","838F5287-09CC-11EC-A0DF-BC5FF4F4F2AA","Розетка 2-а б/з внутрішня білий з білою вставкою LEZARD Mira 701-0202-128B","701-0202-128B","26","шт","ПРОДУКЦІЯ КОМПАНІЇ ""ULTRA SVET"" / ЕЛЕКТРОТЕХНІЧНА ПРОДУКЦІЯ / LEZARD / Електрофурнітура / Серія MIRA ( внутрішня серія ) / Серія MIRA ( колір білий )","yes"
"LEZARD","AgentPlus","CC5864FD-9EEA-11EB-AE88-BC5FF4F4F2AA","Вимикач 1-кл. внутрішній з підсвіткою білий LEZARD Deriy 702-0202-111","702-0202-111","25","шт","ПРОДУКЦІЯ КОМПАНІЇ ""ULTRA SVET"" / ЕЛЕКТРОТЕХНІЧНА ПРОДУКЦІЯ / LEZARD / Електрофурнітура / Серія DERIY ( внутрішня серія ) / Серія DERIY ( колір білий )","yes"
"LEZARD","AgentPlus","CC586513-9EEA-11EB-AE88-BC5FF4F4F2AA","Рамка 2-а горизонтальна білий LEZARD Deriy 702-0200-147","702-0200-147","25","шт","ПРОДУКЦІЯ КОМПАНІЇ ""ULTRA SVET"" / ЕЛЕКТРОТЕХНІЧНА ПРОДУКЦІЯ / LEZARD / Електрофурнітура / Серія DERIY ( внутрішня серія ) / Серія DERIY ( колір білий )","yes"
"LEZARD","AgentPlus","CC5864FF-9EEA-11EB-AE88-BC5FF4F4F2AA","Вимикач 2-кл. внутрішній з підсвіткою білий LEZARD Deriy 702-0202-112","702-0202-112","24","шт","ПРОДУКЦІЯ КОМПАНІЇ ""ULTRA SVET"" / ЕЛЕКТРОТЕХНІЧНА ПРОДУКЦІЯ / LEZARD / Електрофурнітура / Серія DERIY ( внутрішня серія ) / Серія DERIY ( колір білий )","yes"
"HAGER","AgentPlus","7FEF7F9F-66DE-11EE-9B04-BC5FF4F4F2AA","Перемикач I-0-II з загальним виходом зверху, 2-пол., 25А/230В ""HAGER"" SFT225","SFT225","3","шт","ПРОДУКЦІЯ КОМПАНІЇ ""ULTRA SVET"" / ЕЛЕКТРОТЕХНІЧНА ПРОДУКЦІЯ / HAGER / Перемикачі з загальним виходом ( для генераторів )","yes"
"HAGER","AgentPlus","7FEF7F9D-66DE-11EE-9B04-BC5FF4F4F2AA","Перемикач I-0-II з загальним виходом зверху, 2-пол., 32А/230В ""HAGER"" SFT232","SFT232","3","шт","ПРОДУКЦІЯ КОМПАНІЇ ""ULTRA SVET"" / ЕЛЕКТРОТЕХНІЧНА ПРОДУКЦІЯ / HAGER / Перемикачі з загальним виходом ( для генераторів )","yes"
"HAGER","AgentPlus","08443209-E9FB-11EB-B275-BC5FF4F4F2AA","Утримувач з клемами PE/N: 19xN+17xPE / 5xN+5xPE#ст#""HAGER"" VZ463#ст##ст##ст##ст##ст##ст##ст##ст##ст##ст##ст##ст##ст##ст##ст##ст##ст##ст#","VZ463","3","шт","ПРОДУКЦІЯ КОМПАНІЇ ""ULTRA SVET"" / ЕЛЕКТРОТЕХНІЧНА ПРОДУКЦІЯ / HAGER / Розподільні електричні щити та шафи / Щити VOLTA / Аксесуари для щитів VOLTA","yes"
"HAGER","AgentPlus","DFC55536-70B4-11EC-A594-BC5FF4F4F2AA","Автоматичний вимикач 3P 6kA C-50A 3M ""HAGER"" MCN350","MCN350","1","шт","ПРОДУКЦІЯ КОМПАНІЇ ""ULTRA SVET"" / ЕЛЕКТРОТЕХНІЧНА ПРОДУКЦІЯ / HAGER / Автоматичні вимикачі / Автоматичні вимикачі Hager ""C"" 6kA / Автоматичні вимикачі Hager ""C"" 6kA - 3 полюси","yes"
"HAGER","AgentPlus","75D956E6-31D7-11E4-B9D7-BC5FF4F4F2AA","Щит внутрішньої установки з білими дверцятами, 24 мод. (2х12), GOLF ""HAGER"" VF212PD#ст##ст##ст##ст##ст##ст#","VF212PD","1","шт","ПРОДУКЦІЯ КОМПАНІЇ ""ULTRA SVET"" / ЕЛЕКТРОТЕХНІЧНА ПРОДУКЦІЯ / HAGER / Розподільні електричні щити та шафи / Щити GOLF IP41 / Внутрішньої установки","yes"
"TAKEL","AgentPlus","AF429CA3-D3B1-11ED-8C85-BC5FF4F4F2AA","Наконечник втулковий з ізоляцією HB 4/10, блакитний (100шт) (8536901000)","100","6","шт","ПРОДУКЦІЯ КОМПАНІЇ ""ULTRA SVET"" / ЕЛЕКТРОТЕХНІЧНА ПРОДУКЦІЯ / БРЕНДИ ПІД ЗАМОВЛЕННЯ! / TAKEL / НАКОНЕЧНИКИ КАБЕЛЬНІ СЛАБКОСТРУМОВІ / НАКОНЕЧНИКИ ВТУЛКОВІ (ТРУБЧАСТІ) З ІЗОЛЯЦІЄЮ НВ І Е","no"
"TAKEL","AgentPlus","AF429CA1-D3B1-11ED-8C85-BC5FF4F4F2AA","Наконечник втулковий з ізоляцією HB 4/10, червоний (100шт) (8536901000)","100","6","шт","ПРОДУКЦІЯ КОМПАНІЇ ""ULTRA SVET"" / ЕЛЕКТРОТЕХНІЧНА ПРОДУКЦІЯ / БРЕНДИ ПІД ЗАМОВЛЕННЯ! / TAKEL / НАКОНЕЧНИКИ КАБЕЛЬНІ СЛАБКОСТРУМОВІ / НАКОНЕЧНИКИ ВТУЛКОВІ (ТРУБЧАСТІ) З ІЗОЛЯЦІЄЮ НВ І Е","no"
"TAKEL","AgentPlus","AF429CA5-D3B1-11ED-8C85-BC5FF4F4F2AA","Наконечник втулковий з ізоляцією HB 4/10, сірий (100шт) (8536901000)","100","5","шт","ПРОДУКЦІЯ КОМПАНІЇ ""ULTRA SVET"" / ЕЛЕКТРОТЕХНІЧНА ПРОДУКЦІЯ / БРЕНДИ ПІД ЗАМОВЛЕННЯ! / TAKEL / НАКОНЕЧНИКИ КАБЕЛЬНІ СЛАБКОСТРУМОВІ / НАКОНЕЧНИКИ ВТУЛКОВІ (ТРУБЧАСТІ) З ІЗОЛЯЦІЄЮ НВ І Е","no"
"TAKEL","AgentPlus","AF429CA7-D3B1-11ED-8C85-BC5FF4F4F2AA","Наконечник втулковий з ізоляцією HB 4/10, чорний (100шт) (8536901000)","100","5","шт","ПРОДУКЦІЯ КОМПАНІЇ ""ULTRA SVET"" / ЕЛЕКТРОТЕХНІЧНА ПРОДУКЦІЯ / БРЕНДИ ПІД ЗАМОВЛЕННЯ! / TAKEL / НАКОНЕЧНИКИ КАБЕЛЬНІ СЛАБКОСТРУМОВІ / НАКОНЕЧНИКИ ВТУЛКОВІ (ТРУБЧАСТІ) З ІЗОЛЯЦІЄЮ НВ І Е","no"
"TAKEL","AgentPlus","AF429C9F-D3B1-11ED-8C85-BC5FF4F4F2AA","Наконечник втулковий з ізоляцією HB 4/10, зелений (100шт) (8536901000)","100","4","шт","ПРОДУКЦІЯ КОМПАНІЇ ""ULTRA SVET"" / ЕЛЕКТРОТЕХНІЧНА ПРОДУКЦІЯ / БРЕНДИ ПІД ЗАМОВЛЕННЯ! / TAKEL / НАКОНЕЧНИКИ КАБЕЛЬНІ СЛАБКОСТРУМОВІ / НАКОНЕЧНИКИ ВТУЛКОВІ (ТРУБЧАСТІ) З ІЗОЛЯЦІЄЮ НВ І Е","no"
"TAKEL","AgentPlus","AF429CB5-D3B1-11ED-8C85-BC5FF4F4F2AA","Наконечник втулковий з ізоляцією HB 6/12, чорний (100шт) (8536901000)","100","1","шт","ПРОДУКЦІЯ КОМПАНІЇ ""ULTRA SVET"" / ЕЛЕКТРОТЕХНІЧНА ПРОДУКЦІЯ / БРЕНДИ ПІД ЗАМОВЛЕННЯ! / TAKEL / НАКОНЕЧНИКИ КАБЕЛЬНІ СЛАБКОСТРУМОВІ / НАКОНЕЧНИКИ ВТУЛКОВІ (ТРУБЧАСТІ) З ІЗОЛЯЦІЄЮ НВ І Е","no"
"TAKEL","AgentPlus","E55FBA47-5415-11F1-8E26-BC5FF4F4F2AA","Наконечник кільцевий без ізоляції RNB 1,25-10 (0,5-1,5/10) TAKEL","","1","шт","ПРОДУКЦІЯ КОМПАНІЇ ""ULTRA SVET"" / ЕЛЕКТРОТЕХНІЧНА ПРОДУКЦІЯ / БРЕНДИ ПІД ЗАМОВЛЕННЯ! / TAKEL / НАКОНЕЧНИКИ КАБЕЛЬНІ СЛАБКОСТРУМОВІ","no"
"GAL-KAT","AgentPlus","96564F6E-CBCB-11EC-81AC-BC5FF4F4F2AA","Провід ШВВП 2х1,5 ""GAL-KAT"" ГОСТ","","2300","шт","ПРОДУКЦІЯ КОМПАНІЇ ""ULTRA SVET"" / ЕЛЕКТРОТЕХНІЧНА ПРОДУКЦІЯ / GAL-KAT кабель / ШВВП","no"
"GAL-KAT","AgentPlus","7EE78283-2C12-11EC-9962-BC5FF4F4F2AA","Провід ШВВП 2х2,5 ""GAL-KAT"" ГОСТ","","1478","шт","ПРОДУКЦІЯ КОМПАНІЇ ""ULTRA SVET"" / ЕЛЕКТРОТЕХНІЧНА ПРОДУКЦІЯ / GAL-KAT кабель / ШВВП","no"
"GAL-KAT","AgentPlus","CCABEDCB-0CA9-11ED-BDDB-BC5FF4F4F2AA","Кабель ВВГнг-LS-П 2х1,5 ""GAL-KAT"" ГОСТ","","1322","шт","ПРОДУКЦІЯ КОМПАНІЇ ""ULTRA SVET"" / ЕЛЕКТРОТЕХНІЧНА ПРОДУКЦІЯ / GAL-KAT кабель / ВВГнг-LS-П","no"
"GAL-KAT","AgentPlus","6D88D44D-E0BC-11EC-BA25-BC5FF4F4F2AA","Кабель ВВГнг-LS-П 3х1,5 ""GAL-KAT"" ГОСТ","","1289","шт","ПРОДУКЦІЯ КОМПАНІЇ ""ULTRA SVET"" / ЕЛЕКТРОТЕХНІЧНА ПРОДУКЦІЯ / GAL-KAT кабель / ВВГнг-LS-П","no"
"GAL-KAT","AgentPlus","7EE78281-2C12-11EC-9962-BC5FF4F4F2AA","Провід ПВС 2х1,5 ""GAL-KAT"" ГОСТ","","1253","шт","ПРОДУКЦІЯ КОМПАНІЇ ""ULTRA SVET"" / ЕЛЕКТРОТЕХНІЧНА ПРОДУКЦІЯ / GAL-KAT кабель / ПВС","no"
"GAL-KAT","AgentPlus","CCABEDCD-0CA9-11ED-BDDB-BC5FF4F4F2AA","Кабель ВВГнг-LS-П 3х2,5 ""GAL-KAT"" ГОСТ","","933","шт","ПРОДУКЦІЯ КОМПАНІЇ ""ULTRA SVET"" / ЕЛЕКТРОТЕХНІЧНА ПРОДУКЦІЯ / GAL-KAT кабель / ВВГнг-LS-П","no"
"GAL-KAT","AgentPlus","03664BB5-2700-11EE-ACDE-BC5FF4F4F2AA","Кабель КГНВтп 2х2,5 ""GAL-KAT"" ГОСТ","","900","шт","ПРОДУКЦІЯ КОМПАНІЇ ""ULTRA SVET"" / ЕЛЕКТРОТЕХНІЧНА ПРОДУКЦІЯ / GAL-KAT кабель / КГНВтп - аналог КГНВ!","no"
"GAL-KAT","AgentPlus","7AD89D8D-E0BC-11EC-BA25-BC5FF4F4F2AA","Провід ШВВП 2х0,75 ""GAL-KAT"" ГОСТ","","800","шт","ПРОДУКЦІЯ КОМПАНІЇ ""ULTRA SVET"" / ЕЛЕКТРОТЕХНІЧНА ПРОДУКЦІЯ / GAL-KAT кабель / ШВВП","no"
"GAL-KAT","AgentPlus","74588DD1-E0BC-11EC-BA25-BC5FF4F4F2AA","Провід ПВС 2х4 ""GAL-KAT"" ГОСТ","","796","шт","ПРОДУКЦІЯ КОМПАНІЇ ""ULTRA SVET"" / ЕЛЕКТРОТЕХНІЧНА ПРОДУКЦІЯ / GAL-KAT кабель / ПВС","no"
"GAL-KAT","AgentPlus","6D88D445-E0BC-11EC-BA25-BC5FF4F4F2AA","Кабель ВВГнг-LS-П 2х2,5 ""GAL-KAT"" ГОСТ","","663","шт","ПРОДУКЦІЯ КОМПАНІЇ ""ULTRA SVET"" / ЕЛЕКТРОТЕХНІЧНА ПРОДУКЦІЯ / GAL-KAT кабель / ВВГнг-LS-П","no"
"GAL-KAT","AgentPlus","74588DE9-E0BC-11EC-BA25-BC5FF4F4F2AA","Провід ПВС 3х2,5 ""GAL-KAT"" ГОСТ","","565","шт","ПРОДУКЦІЯ КОМПАНІЇ ""ULTRA SVET"" / ЕЛЕКТРОТЕХНІЧНА ПРОДУКЦІЯ / GAL-KAT кабель / ПВС","no"
"GAL-KAT","AgentPlus","6D88D48B-E0BC-11EC-BA25-BC5FF4F4F2AA","Кабель КГНВ 2х1,5 ""GAL-KAT"" ГОСТ","","550","шт","ПРОДУКЦІЯ КОМПАНІЇ ""ULTRA SVET"" / ЕЛЕКТРОТЕХНІЧНА ПРОДУКЦІЯ / GAL-KAT кабель / КГНВ","no"
"GAL-KAT","AgentPlus","67279E3E-8DDB-11EE-B86F-BC5FF4F4F2AA","Кабель ВВГнг-LS-П 2х1 ""GAL-KAT"" ГОСТ","","520","шт","ПРОДУКЦІЯ КОМПАНІЇ ""ULTRA SVET"" / ЕЛЕКТРОТЕХНІЧНА ПРОДУКЦІЯ / GAL-KAT кабель / ВВГнг-LS-П","no"
"GAL-KAT","AgentPlus","74588DE3-E0BC-11EC-BA25-BC5FF4F4F2AA","Провід ПВС 3х1,5 ""GAL-KAT"" ГОСТ","","501","шт","ПРОДУКЦІЯ КОМПАНІЇ ""ULTRA SVET"" / ЕЛЕКТРОТЕХНІЧНА ПРОДУКЦІЯ / GAL-KAT кабель / ПВС","no"
"GAL-KAT","AgentPlus","7AD89DA5-E0BC-11EC-BA25-BC5FF4F4F2AA","Провід ШВВП 3х2,5 ""GAL-KAT"" ГОСТ","","500","шт","ПРОДУКЦІЯ КОМПАНІЇ ""ULTRA SVET"" / ЕЛЕКТРОТЕХНІЧНА ПРОДУКЦІЯ / GAL-KAT кабель / ШВВП","no"
"GAL-KAT","AgentPlus","7AD89D8F-E0BC-11EC-BA25-BC5FF4F4F2AA","Провід ШВВП 2х0,75 чорний ""GAL-KAT"" ГОСТ","","490","шт","ПРОДУКЦІЯ КОМПАНІЇ ""ULTRA SVET"" / ЕЛЕКТРОТЕХНІЧНА ПРОДУКЦІЯ / GAL-KAT кабель / ШВВП","no"
"GAL-KAT","AgentPlus","6D88D447-E0BC-11EC-BA25-BC5FF4F4F2AA","Кабель ВВГнг-LS-П 2х4 ""GAL-KAT"" ГОСТ","","484","шт","ПРОДУКЦІЯ КОМПАНІЇ ""ULTRA SVET"" / ЕЛЕКТРОТЕХНІЧНА ПРОДУКЦІЯ / GAL-KAT кабель / ВВГнг-LS-П","no"
"GAL-KAT","AgentPlus","74588E01-E0BC-11EC-BA25-BC5FF4F4F2AA","Провід ПВС 4х2,5 ""GAL-KAT"" ГОСТ","","458","шт","ПРОДУКЦІЯ КОМПАНІЇ ""ULTRA SVET"" / ЕЛЕКТРОТЕХНІЧНА ПРОДУКЦІЯ / GAL-KAT кабель / ПВС","no"
"GAL-KAT","AgentPlus","7AD89D95-E0BC-11EC-BA25-BC5FF4F4F2AA","Провід ШВВП 2х1,5 чорний ""GAL-KAT"" ГОСТ","","410","шт","ПРОДУКЦІЯ КОМПАНІЇ ""ULTRA SVET"" / ЕЛЕКТРОТЕХНІЧНА ПРОДУКЦІЯ / GAL-KAT кабель / ШВВП","no"
"GAL-KAT","AgentPlus","74588D41-E0BC-11EC-BA25-BC5FF4F4F2AA","Провід ПВ3нг-LS 1 синій ""GAL-KAT"" ГОСТ","","400","шт","ПРОДУКЦІЯ КОМПАНІЇ ""ULTRA SVET"" / ЕЛЕКТРОТЕХНІЧНА ПРОДУКЦІЯ / GAL-KAT кабель / ПВ3нг-LS","no"
"ULTRA LED","AgentPlus","DB1426AA-87CB-11EF-8092-BC5FF4F4F2AA","Настільна світлодіодна лампа LED 12W біла з акумулятором ""ULTRA LED"" TB-25 SP-LI","TB-25","15","шт","ПРОДУКЦІЯ КОМПАНІЇ ""ULTRA SVET"" / ЕЛЕКТРОТЕХНІЧНА ПРОДУКЦІЯ / ULTRA LED / Настільні лампи LED / Настільні лампи LED з акумулятором","yes"
"ULTRA LED","AgentPlus","DB1426A8-87CB-11EF-8092-BC5FF4F4F2AA","Настільна світлодіодна лампа LED 12W біла ""ULTRA LED"" TB-23SP","TB-23SP","14","шт","ПРОДУКЦІЯ КОМПАНІЇ ""ULTRA SVET"" / ЕЛЕКТРОТЕХНІЧНА ПРОДУКЦІЯ / ULTRA LED / Настільні лампи LED / Настільні лампи LED від мережі","yes"
