"brand","category","missingPhoto"
"POLAX","ПРОДУКЦІЯ КОМПАНІЇ ""ULTRA SVET"" / ІНСТРУМЕНТ / POLAX / Вимірювальний інструмент / Шпагати, шнури","21"
"POLAX","ПРОДУКЦІЯ КОМПАНІЇ ""ULTRA SVET"" / Торгове обладнання / Торгове обладнання ""POLAX""","18"
"POLAX","ПРОДУКЦІЯ КОМПАНІЇ ""ULTRA SVET"" / ІНСТРУМЕНТ / POLAX / Кріпильний інструмент / Кріплення для кабелю / Обойма для труб","14"
"POLAX","ПРОДУКЦІЯ КОМПАНІЇ ""ULTRA SVET"" / ІНСТРУМЕНТ / POLAX / Інструмент для оздоблювальних робіт / Шпателі / Шпателі нержавіючі звичайні","8"
"POLAX","ПРОДУКЦІЯ КОМПАНІЇ ""ULTRA SVET"" / ІНСТРУМЕНТ / POLAX / Садовий інвентар / Лопати","8"
"POLAX","ПРОДУКЦІЯ КОМПАНІЇ ""ULTRA SVET"" / ІНСТРУМЕНТ / POLAX / Скотчі та спеціальні стрічки (0% знижка!) / Стрічка на спіненій основі","8"
"POLAX","ПРОДУКЦІЯ КОМПАНІЇ ""ULTRA SVET"" / ІНСТРУМЕНТ / POLAX / Садовий інвентар / Граблі","7"
"POLAX","ПРОДУКЦІЯ КОМПАНІЇ ""ULTRA SVET"" / ІНСТРУМЕНТ / POLAX / Садовий інвентар / Тенти","7"
"LEMANSO","ПРОДУКЦІЯ КОМПАНІЇ ""ULTRA SVET"" / ЕЛЕКТРОТЕХНІЧНА ПРОДУКЦІЯ / LEMANSO / ЕЛЕКТРОІНСТАЛЯЦІЯ / Аксесуари / Кабельні маркери / Кабельні маркери","50"
"LEMANSO","ПРОДУКЦІЯ КОМПАНІЇ ""ULTRA SVET"" / ЕЛЕКТРОТЕХНІЧНА ПРОДУКЦІЯ / LEMANSO / ІНСТРУМЕНТ / Набори інструменту / Набори інструменту різні","31"
"LEMANSO","ПРОДУКЦІЯ КОМПАНІЇ ""ULTRA SVET"" / ЕЛЕКТРОТЕХНІЧНА ПРОДУКЦІЯ / LEMANSO / СВІТЛОДІОДНА ПРОДУКЦІЯ / LED лента / Аксесуари для стрічки / З'єднувачі","31"
"LEMANSO","ПРОДУКЦІЯ КОМПАНІЇ ""ULTRA SVET"" / ЕЛЕКТРОТЕХНІЧНА ПРОДУКЦІЯ / LEMANSO / ІНСТРУМЕНТ / Клейовий пістолет та стрижні","30"
"LEMANSO","ПРОДУКЦІЯ КОМПАНІЇ ""ULTRA SVET"" / ЕЛЕКТРОТЕХНІЧНА ПРОДУКЦІЯ / LEMANSO / ІНСТРУМЕНТ / Лупа","30"
"LEMANSO","ПРОДУКЦІЯ КОМПАНІЇ ""ULTRA SVET"" / ЕЛЕКТРОТЕХНІЧНА ПРОДУКЦІЯ / LEMANSO / ІНСТРУМЕНТ / Набори інструменту / Набори головок та біт з рукояткою","30"
"LEMANSO","ПРОДУКЦІЯ КОМПАНІЇ ""ULTRA SVET"" / ЕЛЕКТРОТЕХНІЧНА ПРОДУКЦІЯ / LEMANSO / ІНСТРУМЕНТ / Термопаста","30"
"LEMANSO","ПРОДУКЦІЯ КОМПАНІЇ ""ULTRA SVET"" / ЕЛЕКТРОТЕХНІЧНА ПРОДУКЦІЯ / LEMANSO / ІНСТРУМЕНТ / Інструмент для різання кабелю, для зняття ізоляції","29"
"E.NEXT","ПРОДУКЦІЯ КОМПАНІЇ ""ULTRA SVET"" / ЕЛЕКТРОТЕХНІЧНА ПРОДУКЦІЯ / E.NEXT / Комутаційне обладнання / Контактори UKC / Контактори UKC - серія PROFESIONAL / Контактори UKC серії PROFESIONAL","67"
"E.NEXT","ПРОДУКЦІЯ КОМПАНІЇ ""ULTRA SVET"" / ЕЛЕКТРОТЕХНІЧНА ПРОДУКЦІЯ / E.NEXT / Шафи та корпуси / Корпуса металеві / Корпуси з монтажною панеллю серії STAND, PRO, INDUSTRIAL, БМ, BW / Корпуси з монтажною панеллю MBOX серії INDUSTRIAL","55"
"E.NEXT","ПРОДУКЦІЯ КОМПАНІЇ ""ULTRA SVET"" / ЕЛЕКТРОТЕХНІЧНА ПРОДУКЦІЯ / E.NEXT / Модульне обладнення / Модульні автоматичні вимикачі MCB / Модульні автоматичні вимикачі серії STANDARD / Модульні автоматичні вимикачі серії STAND D, 1-4р, 1-63А, 6 кА","48"
"E.NEXT","ПРОДУКЦІЯ КОМПАНІЇ ""ULTRA SVET"" / ЕЛЕКТРОТЕХНІЧНА ПРОДУКЦІЯ / E.NEXT / Блискавказахист і заземлення / Елементи зовнішнього блискавкозахисту","44"
"E.NEXT","ПРОДУКЦІЯ КОМПАНІЇ ""ULTRA SVET"" / ЕЛЕКТРОТЕХНІЧНА ПРОДУКЦІЯ / E.NEXT / Модульне обладнення / Модульні автоматичні вимикачі MCB / Модульні автоматичні вимикачі серії PRO / Модульні автоматичні вимикачі серії PRO C, 1-3р, 1-63А, 6кА","42"
"E.NEXT","ПРОДУКЦІЯ КОМПАНІЇ ""ULTRA SVET"" / ЕЛЕКТРОТЕХНІЧНА ПРОДУКЦІЯ / E.NEXT / Блискавказахист і заземлення / Заземлення E.NEXT оцинкована сталь","41"
"E.NEXT","ПРОДУКЦІЯ КОМПАНІЇ ""ULTRA SVET"" / ЕЛЕКТРОТЕХНІЧНА ПРОДУКЦІЯ / E.NEXT / Вироби для монтажу / Вироби для щитового обладнання / Клемні колодки TC, LC / Клемні колодки набірні на DIN-рейку серії SPRING","41"
"E.NEXT","ПРОДУКЦІЯ КОМПАНІЇ ""ULTRA SVET"" / ЕЛЕКТРОТЕХНІЧНА ПРОДУКЦІЯ / E.NEXT / Шафи та корпуси / Корпуса металеві / Корпуси з монтажною панеллю серії STAND, PRO, INDUSTRIAL, БМ, BW / Корпуси з монтажною панеллю MBOX серії STAND","39"
"SCHNEIDER","ПРОДУКЦІЯ КОМПАНІЇ ""ULTRA SVET"" / ЕЛЕКТРОТЕХНІЧНА ПРОДУКЦІЯ / SCHNEIDER / Електрофурнітура / Серія UNICA NEW ( внутрішня ) / Серія UNICA NEW ( інші кольори )","129"
"SCHNEIDER","ПРОДУКЦІЯ КОМПАНІЇ ""ULTRA SVET"" / ЕЛЕКТРОТЕХНІЧНА ПРОДУКЦІЯ / SCHNEIDER / Низьковольтне обладнання / Серія - EasyPact","128"
"SCHNEIDER","ПРОДУКЦІЯ КОМПАНІЇ ""ULTRA SVET"" / ЕЛЕКТРОТЕХНІЧНА ПРОДУКЦІЯ / SCHNEIDER / Електрофурнітура / Серія UNICA NEW ( внутрішня ) / Серія UNICA NEW ( білий )","70"
"SCHNEIDER","ПРОДУКЦІЯ КОМПАНІЇ ""ULTRA SVET"" / ЕЛЕКТРОТЕХНІЧНА ПРОДУКЦІЯ / SCHNEIDER / Електрофурнітура / Серія Sedna ( внутрішня ) / Серія Sedna ( алюміній )","66"
"SCHNEIDER","ПРОДУКЦІЯ КОМПАНІЇ ""ULTRA SVET"" / ЕЛЕКТРОТЕХНІЧНА ПРОДУКЦІЯ / SCHNEIDER / Електрофурнітура / Серія Sedna ( внутрішня ) / Серія Sedna (титан)","58"
"SCHNEIDER","ПРОДУКЦІЯ КОМПАНІЇ ""ULTRA SVET"" / ЕЛЕКТРОТЕХНІЧНА ПРОДУКЦІЯ / SCHNEIDER / Електрофурнітура / Серія UNICA NEW ( внутрішня ) / Серія UNICA NEW ( алюміній )","57"
"SCHNEIDER","ПРОДУКЦІЯ КОМПАНІЇ ""ULTRA SVET"" / ЕЛЕКТРОТЕХНІЧНА ПРОДУКЦІЯ / SCHNEIDER / Електрофурнітура / Серія Sedna ( внутрішня ) / Серія Sedna ( графіт )","56"
"SCHNEIDER","ПРОДУКЦІЯ КОМПАНІЇ ""ULTRA SVET"" / ЕЛЕКТРОТЕХНІЧНА ПРОДУКЦІЯ / SCHNEIDER / Електрофурнітура / Серія UNICA NEW ( внутрішня ) / Серія UNICA NEW ( бежевий )","52"
"LEZARD","ПРОДУКЦІЯ КОМПАНІЇ ""ULTRA SVET"" / ЕЛЕКТРОТЕХНІЧНА ПРОДУКЦІЯ / LEZARD / Електрофурнітура / Серія MIRA ( внутрішня серія ) / Серія MIRA ( колір білий )","37"
"LEZARD","ПРОДУКЦІЯ КОМПАНІЇ ""ULTRA SVET"" / ЕЛЕКТРОТЕХНІЧНА ПРОДУКЦІЯ / LEZARD / Електрофурнітура / Серія MIRA ( внутрішня серія ) / Серія MIRA ( колір крем )","33"
"LEZARD","ПРОДУКЦІЯ КОМПАНІЇ ""ULTRA SVET"" / ЕЛЕКТРОТЕХНІЧНА ПРОДУКЦІЯ / LEZARD / Електрофурнітура / Серія RAIN ( внутрішня серія ) / Серія RAIN ( колір перлово-білий перламутр )","33"
"LEZARD","ПРОДУКЦІЯ КОМПАНІЇ ""ULTRA SVET"" / ЕЛЕКТРОТЕХНІЧНА ПРОДУКЦІЯ / LEZARD / Електрофурнітура / Серія VESNA ( внутрішня серія ) / Серія VESNA ( колір платина )","30"
"LEZARD","ПРОДУКЦІЯ КОМПАНІЇ ""ULTRA SVET"" / ЕЛЕКТРОТЕХНІЧНА ПРОДУКЦІЯ / LEZARD / Електрофурнітура / Серія MIRA ( внутрішня серія ) / Серія MIRA ( колір перлово-білий перламутр)","29"
"LEZARD","ПРОДУКЦІЯ КОМПАНІЇ ""ULTRA SVET"" / ЕЛЕКТРОТЕХНІЧНА ПРОДУКЦІЯ / LEZARD / Електрофурнітура / Серія MIRA ( внутрішня серія ) / Серія MIRA ( колір сірий металік )","29"
"LEZARD","ПРОДУКЦІЯ КОМПАНІЇ ""ULTRA SVET"" / ЕЛЕКТРОТЕХНІЧНА ПРОДУКЦІЯ / LEZARD / Електрофурнітура / Серія VESNA ( внутрішня серія ) / Серія VESNA ( колір антрацит )","28"
"LEZARD","ПРОДУКЦІЯ КОМПАНІЇ ""ULTRA SVET"" / ЕЛЕКТРОТЕХНІЧНА ПРОДУКЦІЯ / LEZARD / Електрофурнітура / Серія VESNA ( внутрішня серія ) / Серія VESNA ( колір білий )","28"
"HAGER","ПРОДУКЦІЯ КОМПАНІЇ ""ULTRA SVET"" / ЕЛЕКТРОТЕХНІЧНА ПРОДУКЦІЯ / HAGER / Шини з'єднувальні для автоматів","42"
"HAGER","ПРОДУКЦІЯ КОМПАНІЇ ""ULTRA SVET"" / ЕЛЕКТРОТЕХНІЧНА ПРОДУКЦІЯ / HAGER / Контактори","38"
"HAGER","ПРОДУКЦІЯ КОМПАНІЇ ""ULTRA SVET"" / ЕЛЕКТРОТЕХНІЧНА ПРОДУКЦІЯ / HAGER / Вимикачі навантаження","32"
"HAGER","ПРОДУКЦІЯ КОМПАНІЇ ""ULTRA SVET"" / ЕЛЕКТРОТЕХНІЧНА ПРОДУКЦІЯ / HAGER / Розподільні електричні щити та шафи / Аксесуари","22"
"HAGER","ПРОДУКЦІЯ КОМПАНІЇ ""ULTRA SVET"" / ЕЛЕКТРОТЕХНІЧНА ПРОДУКЦІЯ / HAGER / Перемикачі з загальним виходом ( для генераторів )","21"
"HAGER","ПРОДУКЦІЯ КОМПАНІЇ ""ULTRA SVET"" / ЕЛЕКТРОТЕХНІЧНА ПРОДУКЦІЯ / HAGER / Блоки розгалужуючи","19"
"HAGER","ПРОДУКЦІЯ КОМПАНІЇ ""ULTRA SVET"" / ЕЛЕКТРОТЕХНІЧНА ПРОДУКЦІЯ / HAGER / Розподільні електричні щити та шафи / Щити GOLF IP41 / Внутрішньої установки","19"
"HAGER","ПРОДУКЦІЯ КОМПАНІЇ ""ULTRA SVET"" / ЕЛЕКТРОТЕХНІЧНА ПРОДУКЦІЯ / HAGER / Автоматичні вимикачі / Автоматичні вимикачі Hager ""C"" 6kA / Автоматичні вимикачі Hager ""C"" 6kA - 4 полюси","15"
"TAKEL","ПРОДУКЦІЯ КОМПАНІЇ ""ULTRA SVET"" / ЕЛЕКТРОТЕХНІЧНА ПРОДУКЦІЯ / БРЕНДИ ПІД ЗАМОВЛЕННЯ! / TAKEL / НАКОНЕЧНИКИ КАБЕЛЬНІ СЛАБКОСТРУМОВІ / НАКОНЕЧНИКИ ВТУЛКОВІ (ТРУБЧАСТІ) З ІЗОЛЯЦІЄЮ НВ І Е","119"
"TAKEL","ПРОДУКЦІЯ КОМПАНІЇ ""ULTRA SVET"" / ЕЛЕКТРОТЕХНІЧНА ПРОДУКЦІЯ / БРЕНДИ ПІД ЗАМОВЛЕННЯ! / TAKEL / НАКОНЕЧНИКИ КАБЕЛЬНІ СИЛОВІ КАБЕЛЬНІ / НАКОНЕЧНИКИ SC МІДНІ ЛУДЖЕНІ","99"
"TAKEL","ПРОДУКЦІЯ КОМПАНІЇ ""ULTRA SVET"" / ЕЛЕКТРОТЕХНІЧНА ПРОДУКЦІЯ / БРЕНДИ ПІД ЗАМОВЛЕННЯ! / TAKEL / НАКОНЕЧНИКИ КАБЕЛЬНІ СИЛОВІ КАБЕЛЬНІ / НАКОНЕЧНИКИ HUP МІДНІ ЛУДЖЕНІ","83"
"TAKEL","ПРОДУКЦІЯ КОМПАНІЇ ""ULTRA SVET"" / ЕЛЕКТРОТЕХНІЧНА ПРОДУКЦІЯ / БРЕНДИ ПІД ЗАМОВЛЕННЯ! / TAKEL / НАКОНЕЧНИКИ КАБЕЛЬНІ СИЛОВІ КАБЕЛЬНІ / НАКОНЕЧНИКИ ТМ І ТМЛ ЗА ГОСТ 7386-80","67"
"TAKEL","ПРОДУКЦІЯ КОМПАНІЇ ""ULTRA SVET"" / ЕЛЕКТРОТЕХНІЧНА ПРОДУКЦІЯ / БРЕНДИ ПІД ЗАМОВЛЕННЯ! / TAKEL / НАКОНЕЧНИКИ КАБЕЛЬНІ СИЛОВІ КАБЕЛЬНІ / НАКОНЕЧНИКИ DT З ТРУБКИ МІДНІ ТА МІДНІ ЛУДЖЕНІ","47"
"TAKEL","ПРОДУКЦІЯ КОМПАНІЇ ""ULTRA SVET"" / ЕЛЕКТРОТЕХНІЧНА ПРОДУКЦІЯ / БРЕНДИ ПІД ЗАМОВЛЕННЯ! / TAKEL / НАКОНЕЧНИКИ КАБЕЛЬНІ СИЛОВІ КАБЕЛЬНІ / НАКОНЕЧНИКИ DIN МІДНІ ЛУДЖЕНІ","39"
"TAKEL","ПРОДУКЦІЯ КОМПАНІЇ ""ULTRA SVET"" / ЕЛЕКТРОТЕХНІЧНА ПРОДУКЦІЯ / БРЕНДИ ПІД ЗАМОВЛЕННЯ! / TAKEL / НАКОНЕЧНИКИ КАБЕЛЬНІ СИЛОВІ КАБЕЛЬНІ / НАКОНЕЧНИКИ GC МІДНІ ТА МІДНІ ЛУДЖЕНІ","36"
"TAKEL","ПРОДУКЦІЯ КОМПАНІЇ ""ULTRA SVET"" / ЕЛЕКТРОТЕХНІЧНА ПРОДУКЦІЯ / БРЕНДИ ПІД ЗАМОВЛЕННЯ! / TAKEL / НАКОНЕЧНИКИ КАБЕЛЬНІ СЛАБКОСТРУМОВІ","32"
"NOWODVORSKI","ПРОДУКЦІЯ КОМПАНІЇ ""ULTRA SVET"" / ЛЮСТРИ / NOWODVORSKI / Люстри та підвісні світильники","678"
"NOWODVORSKI","ПРОДУКЦІЯ КОМПАНІЇ ""ULTRA SVET"" / ЛЮСТРИ / NOWODVORSKI / Настінні світильники","325"
"NOWODVORSKI","ПРОДУКЦІЯ КОМПАНІЇ ""ULTRA SVET"" / ЛЮСТРИ / NOWODVORSKI / Cameleon","298"
"NOWODVORSKI","ПРОДУКЦІЯ КОМПАНІЇ ""ULTRA SVET"" / ЛЮСТРИ / NOWODVORSKI / Точечні ліхтарики","277"
"NOWODVORSKI","ПРОДУКЦІЯ КОМПАНІЇ ""ULTRA SVET"" / ЛЮСТРИ / NOWODVORSKI","275"
"NOWODVORSKI","ПРОДУКЦІЯ КОМПАНІЇ ""ULTRA SVET"" / ЛЮСТРИ / NOWODVORSKI / Стельові світильники","193"
"NOWODVORSKI","ПРОДУКЦІЯ КОМПАНІЇ ""ULTRA SVET"" / ЛЮСТРИ / NOWODVORSKI / Споти","188"
"NOWODVORSKI","ПРОДУКЦІЯ КОМПАНІЇ ""ULTRA SVET"" / ЛЮСТРИ / NOWODVORSKI / Вуличні світильники","182"
"GAL-KAT","ПРОДУКЦІЯ КОМПАНІЇ ""ULTRA SVET"" / ЕЛЕКТРОТЕХНІЧНА ПРОДУКЦІЯ / GAL-KAT кабель / ВВГнг-LS","205"
"GAL-KAT","ПРОДУКЦІЯ КОМПАНІЇ ""ULTRA SVET"" / ЕЛЕКТРОТЕХНІЧНА ПРОДУКЦІЯ / GAL-KAT кабель / ВБбШвнг-LS","155"
"GAL-KAT","ПРОДУКЦІЯ КОМПАНІЇ ""ULTRA SVET"" / ЕЛЕКТРОТЕХНІЧНА ПРОДУКЦІЯ / GAL-KAT кабель / КГНВ","132"
"GAL-KAT","ПРОДУКЦІЯ КОМПАНІЇ ""ULTRA SVET"" / ЕЛЕКТРОТЕХНІЧНА ПРОДУКЦІЯ / GAL-KAT кабель / ПВ3","111"
"GAL-KAT","ПРОДУКЦІЯ КОМПАНІЇ ""ULTRA SVET"" / ЕЛЕКТРОТЕХНІЧНА ПРОДУКЦІЯ / GAL-KAT кабель / ПВ3нг-LS","97"
"GAL-KAT","ПРОДУКЦІЯ КОМПАНІЇ ""ULTRA SVET"" / ЕЛЕКТРОТЕХНІЧНА ПРОДУКЦІЯ / GAL-KAT кабель / ВВГ нг","93"
"GAL-KAT","ПРОДУКЦІЯ КОМПАНІЇ ""ULTRA SVET"" / ЕЛЕКТРОТЕХНІЧНА ПРОДУКЦІЯ / GAL-KAT кабель / ПВ1нг-LS","77"
"GAL-KAT","ПРОДУКЦІЯ КОМПАНІЇ ""ULTRA SVET"" / ЕЛЕКТРОТЕХНІЧНА ПРОДУКЦІЯ / GAL-KAT кабель / ПВС","72"
"ULTRA LED","ПРОДУКЦІЯ КОМПАНІЇ ""ULTRA SVET"" / ЕЛЕКТРОТЕХНІЧНА ПРОДУКЦІЯ / ULTRA LED / Лампи акумуляторні LED","8"
"ULTRA LED","ПРОДУКЦІЯ КОМПАНІЇ ""ULTRA SVET"" / ЕЛЕКТРОТЕХНІЧНА ПРОДУКЦІЯ / ULTRA LED / Настільні лампи LED / Настільні лампи LED з акумулятором","2"
"ULTRA LED","ПРОДУКЦІЯ КОМПАНІЇ ""ULTRA SVET"" / ЕЛЕКТРОТЕХНІЧНА ПРОДУКЦІЯ / ULTRA LED / Настільні лампи LED / Настільні лампи LED від мережі","1"
"ULTRA LED","ПРОДУКЦІЯ КОМПАНІЇ ""ULTRA SVET"" / ЕЛЕКТРОТЕХНІЧНА ПРОДУКЦІЯ / ULTRA LED / Патроны","1"
