"status","article","brand","name","agentGuid","stock","imageUrl","imageSource","score","reason"
"found","LM485","LEMANSO","LED панель 5W 400LM 4500K коло чорний ""LEMANSO"" LM485","E97B26A3-CA42-11E4-9DB7-BC5FF4F4F2AA","8","https://ultra-svet.com/image/catalog/tovari/led-osveshtenie/led-paneli-i-downlight/led-paneli-dekorativnie/779-w-500x500.jpg","https://ultra-svet.com/led-panel-5w-400lm-4500k-belaya-lemanso-lm485","98","pwa-catalog"
"found","LM486","LEMANSO","LED панель 5W 400LM 4500K коло чорний ""LEMANSO"" LM486","410EAE44-CBA7-11E4-841C-BC5FF4F4F2AA","10","https://ultra-svet.com/image/catalog/tovari/led-osveshtenie/led-paneli-i-downlight/led-paneli-dekorativnie/bel.JPG","https://ultra-svet.com/led-panel-5w-400lm-4500k-belaya-lemanso-lm486","98","pwa-catalog"
"skipped","","LEMANSO","Стенд под розетки ""LEMANSO""","2C8CFFBF-FA4B-11E5-9E27-BC5FF4F4F2AA","8","","","","article_not_found"
"not_found","931522","LEMANSO","Ліхтарик LXLL99 ""LEMANSO"" 931522","A19CB59C-ADA9-11F0-B106-BC5FF4F4F2AA","6","","","","no_strict_source_match"
"not_found","931516","LEMANSO","Ліхтарик LXLL70 ""LEMANSO"" 931516","A19CB59E-ADA9-11F0-B106-BC5FF4F4F2AA","10","","","","no_strict_source_match"
"not_found","LM875","LEMANSO","Блок живлення тонкий метал для LED стрічки 100W 12V Преміум ""LEMANSO"" LM875","2BB22B3C-AB31-11F0-8B95-BC5FF4F4F2AA","1","","","","no_strict_source_match"
"not_found","LM885","LEMANSO","Блок живлення метал для LED стрічки 24V 200W 8,3A ""LEMANSO"" LM885","789F0667-1C4F-11F1-BCFB-BC5FF4F4F2AA","1","","","","no_strict_source_match"
"not_found","LM883","LEMANSO","Блок живлення метал для LED стрічки 24V 60W 2,5A ""LEMANSO"" LM883","789F0665-1C4F-11F1-BCFB-BC5FF4F4F2AA","1","","","","no_strict_source_match"
"not_found","LM884","LEMANSO","Блок живлення метал для LED стрічки 24V 100W 4,2A ""LEMANSO"" LM884","789F0663-1C4F-11F1-BCFB-BC5FF4F4F2AA","1","","","","no_strict_source_match"
"not_found","LM881","LEMANSO","Блок живлення пластик тонкий для LED стрічки 12V 120W 10A Преміум ""LEMANSO"" LM881","789F065F-1C4F-11F1-BCFB-BC5FF4F4F2AA","2","","","","no_strict_source_match"
"not_found","LM876","LEMANSO","Блок живлення пластик тонкий для LED стрічки 12V 24W 2A Преміум ""LEMANSO"" LM876","789F0659-1C4F-11F1-BCFB-BC5FF4F4F2AA","2","","","","no_strict_source_match"
"not_found","LM882","LEMANSO","Блок живлення пластик тонкий для LED стрічки 12V 150W 12.5A Преміум ""LEMANSO"" LM882","789F0661-1C4F-11F1-BCFB-BC5FF4F4F2AA","2","","","","no_strict_source_match"
"not_found","LM880","LEMANSO","Блок живлення пластик тонкий для LED стрічки 24V 100W 4,5A Преміум ""LEMANSO"" LM880","789F0669-1C4F-11F1-BCFB-BC5FF4F4F2AA","1","","","","no_strict_source_match"
"not_found","LM877","LEMANSO","Блок живлення пластик тонкий для LED стрічки 12V 36W 3A Преміум ""LEMANSO"" LM877","789F065B-1C4F-11F1-BCFB-BC5FF4F4F2AA","2","","","","no_strict_source_match"
"not_found","LM878","LEMANSO","Блок живлення пластик тонкий для LED стрічки 12V 48W 4A Преміум ""LEMANSO"" LM878","789F065D-1C4F-11F1-BCFB-BC5FF4F4F2AA","2","","","","no_strict_source_match"
"found","LTL10074","LEMANSO","Викрутка - індикатор напруги AC100-500V 3,0х140мм ""LEMANSO"" LTL10074","8CB3E4D7-7907-11E8-B71A-BC5FF4F4F2AA","7","https://cdn.27.ua/sc--media--prod/default/9f/b7/9b/9fb79b35-15b7-4527-8433-22c57fb6dbf6.jpg","https://epicentrk.ua/shop/mplc-indikator-naprugi-vikrutka-lemanso-100-500v-3-0x140-mm-ltl10074-1f056a27-5592-63e6-966f-c1b4a8698fb6.html","107","epicentr"
"not_found","LM879","LEMANSO","Блок живлення пластик тонкий для LED стрічки 24V 60W 2,5A Преміум "" LEMANSO"" LM879","789F066B-1C4F-11F1-BCFB-BC5FF4F4F2AA","1","","","","no_strict_source_match"
"not_found","LTL20042","LEMANSO","Бокорізи 5"" оранжеві ""LEMANSO"" LTL20042","E1096505-F6CD-11E8-A417-BC5FF4F4F2AA","1","","","","no_strict_source_match"
"found","LTL10069","LEMANSO","Викрутка - індикатор напруги AC100-500V 3,5х155мм ""LEMANSO"" LTL10069","8CB3E4D1-7907-11E8-B71A-BC5FF4F4F2AA","13","https://cdn.27.ua/sc--media--prod/default/c1/66/2c/c1662c15-9e9a-4405-8a0b-f12473e8c277.jpg","https://epicentrk.ua/shop/mplc-vikrutka-indikator-naprugi-lemanso-ltl10069-100-500v-3-5x155-mm-8747-1ef9248e-8662-640c-af4a-59abb2f2932b.html","107","epicentr"
"found","LTL10068","LEMANSO","Викрутка - індикатор напруги AC100-500V 3,5х140мм ""LEMANSO"" LTL10068","8CB3E4CF-7907-11E8-B71A-BC5FF4F4F2AA","6","https://cdn.27.ua/sc--media--prod/default/f3/c3/7a/f3c37a62-6075-4c27-ad44-a37a00833f6b.jpg","https://epicentrk.ua/shop/mplc-vikrutka-indikator-naprugi-lemanso-ltl10068-100-500v-3-5x140-mm-8746-1ef9248e-8626-6e02-9c9b-59abb2f2932b.html","107","epicentr"
"found","LMA027","LEMANSO","Вилка кутова з/з біла ""LEMANSO"" LMA027","294298DD-9D71-11E3-822B-902B34A4365E","70","https://ultra-svet.com/image/catalog/tovari/elektrofurnitura/vilki-gnezda/vilki/lemanso/lma027-1.jpeg","https://ultra-svet.com/vilka-uglovaya-sz-belaya-lemanso-lma027","98","pwa-catalog"
"found","LMA027","LEMANSO","Вилка кутова з/з чорна ""LEMANSO"" LMA027","D5A8F1E1-5E78-11ED-8A90-BC5FF4F4F2AA","65","https://ultra-svet.com/image/catalog/tovari/elektrofurnitura/vilki-gnezda/vilki/lemanso/lma027-1.jpeg","https://ultra-svet.com/vilka-uglovaya-sz-belaya-lemanso-lma027","98","pwa-catalog"
"found","LMA088","LEMANSO","Вилка плоска б/з чорна ""LEMANSO"" LMA088","18B9019F-36C8-11E6-B356-BC5FF4F4F2AA","12","https://ultra-svet.com/image/catalog/tovari/elektrofurnitura/vilki-gnezda/vilki/lma088w.jpg","https://ultra-svet.com/vilka-ploskaya-bz-belaya-lemanso-lma088","98","pwa-catalog"
"found","LMA017","LEMANSO","Кабель з плоскою вилкою 1,9м + вимикач білий ""LEMANSO"" LMA017","19CE444F-2E96-11E4-A4F7-BC5FF4F4F2AA","10","https://ultra-svet.com/image/catalog/tovari/elektrofurnitura/furnitura-dlya-bra/lma017kor.jpg","https://ultra-svet.com/kabel-s-ploskoj-vilkoj-1-9m-vyklyuchatel-korichnevyj-lemanso-lma017","98","pwa-catalog"
"found","LMA017","LEMANSO","Кабель з плоскою вилкою 1,9м + вимикач коричневий ""LEMANSO"" LMA017","29183A7B-1228-11E8-A46A-BC5FF4F4F2AA","17","https://ultra-svet.com/image/catalog/tovari/elektrofurnitura/furnitura-dlya-bra/lma017kor.jpg","https://ultra-svet.com/kabel-s-ploskoj-vilkoj-1-9m-vyklyuchatel-korichnevyj-lemanso-lma017","98","pwa-catalog"
"found","LMA017","LEMANSO","Кабель з плоскою вилкою 1,9м + вимикач чорний ""LEMANSO"" LMA017","19CE4453-2E96-11E4-A4F7-BC5FF4F4F2AA","6","https://ultra-svet.com/image/catalog/tovari/elektrofurnitura/furnitura-dlya-bra/lma017kor.jpg","https://ultra-svet.com/kabel-s-ploskoj-vilkoj-1-9m-vyklyuchatel-korichnevyj-lemanso-lma017","98","pwa-catalog"
"found","LTL10066","LEMANSO","Викрутка - індикатор напруги AC100-500V 4,8х165мм ""LEMANSO"" LTL10066","8CB3E4D5-7907-11E8-B71A-BC5FF4F4F2AA","22","https://cdn.27.ua/sc--media--prod/default/b0/f7/50/b0f75082-4132-41c2-baf2-4384936b8ee6.jpg","https://epicentrk.ua/shop/mplc-vikrutka-indikator-naprugi-lemanso-ltl10066-100-1000v-4-8x165-mm-8748-1ef9248e-85ea-6a6a-bd48-59abb2f2932b.html","107","epicentr"
"found","LM3813","LEMANSO","Лампа світлодіодна 10W A60 E27 910LM RGBCCT 220-240V з WI-FI Розумний будинок Tuy ""LEMANSO"" LM3813","66EB11A8-616B-11EC-89C3-BC5FF4F4F2AA","1","https://cdn.27.ua/sc--media--prod/default/26/48/13/26481311-4eb1-4585-bf97-d34bd9543ddd.jpg","https://epicentrk.ua/shop/mplc-lampa-umnaa-wi-fi-lemanso-lm3813-tuya-a60-e27-10-vt-220-v-910-lm-rgbcct-1905-1edfe069-71f4-61fa-b9a5-053619b50e60.html","107","epicentr"
"not_found","LTL10073","LEMANSO","Викрутка - індикатор напруги AC100-500V 4,0х190мм ""LEMANSO"" LTL10073","8CB3E4DB-7907-11E8-B71A-BC5FF4F4F2AA","5","","","","no_strict_source_match"
"found","LM6349","LEMANSO","Таймер з wi-fi + вбудований енергометр Розумний будинок Tuya ""LEMANSO"" LM6349","8F8919FD-66EA-11EC-99B8-BC5FF4F4F2AA","2","https://cdn.27.ua/sc--media--prod/default/95/90/6e/95906e03-0cbd-4184-9ac7-de19d93b2e4c.jpg","https://epicentrk.ua/shop/mplc-rozumna-rozetka-taimer-lemanso-lm6349-23330-1eccca5e-2910-6260-9086-5bf00ec76052.html","107","epicentr"
"found","LMP100-10","LEMANSO","Прожектор LED RGB + W + WW 10 W 6500K IP65 900LM з WI-FI Розумний будинок Tuya ""LEMANSO"" LMP100-10","BEB61AF1-C72E-11EC-991D-BC5FF4F4F2AA","2","https://cdn.27.ua/sc--media--prod/default/aa/9c/ee/aa9cee85-0e8d-484a-8e45-1028b57effd5.jpg","https://epicentrk.ua/shop/mplc-prozektor-umnyj-wi-fi-lemanso-lmp100-10-tuya-rgb-w-w-vt-10-vt-6500-k-900-lm-ip65-5761-1edfe08b-e01a-6130-94c9-dbe48e756530.html","107","epicentr"
"not_found","LMA9410","LEMANSO","З'єднувач 1 затискач 2pin 8mm провід 15см + гніздо DC 5.5мм / 2,1мм ""LEMANSO"" LMA9410","B46A1D7A-703C-11EB-91F5-BC5FF4F4F2AA","46","","","","no_strict_source_match"
"not_found","LMA9412","LEMANSO","З'єднувач 1 затискач 2pin 8mm провід 15см ""LEMANSO"" LMA9412","CECEA2B8-718B-11EC-9231-BC5FF4F4F2AA","10","","","","no_strict_source_match"
"not_found","LMA9413","LEMANSO","З'єднувач 1 затискач 2pin 10mm провід 15см ""LEMANSO"" LMA9413","CECEA2C2-718B-11EC-9231-BC5FF4F4F2AA","10","","","","no_strict_source_match"
"found","LM6324","LEMANSO","Датчик руху 360° білий ""LEMANSO"" LM6324","6C28E976-4993-11EA-AC01-BC5FF4F4F2AA","6","https://ultra-svet.com/image/cache/catalog/tovari/releynoe/datchiki-dvizheniya/lm6324-800x800.jpg","https://ultra-svet.com/datchik-dvizheniya-360%C2%B0-belyj-lemanso-lm6324-lm631","110","ultra-svet"
"found","LM637","LEMANSO","Датчик руху меблевий 360° білий ""LEMANSO"" LM637 (607)","EE560747-D669-11E7-BBA7-BC5FF4F4F2AA","3","https://cdn.27.ua/sc--media--prod/default/f1/97/7e/f1977e28-0fad-414c-8cbb-5dc4a3eff55f.jpg","https://epicentrk.ua/shop/mplc-vimikac-lemanso-lm637-z-datcikom-ruhu-360-bilij-5755-1edeeb46-dc31-6cc0-a8f8-2ff29bcb7684.html","107","epicentr"
"not_found","LTL15009","LEMANSO","Пістолет для затягування та обрізання хомутів 2.4-4.8мм ""LEMANSO"" LTL15009","0EC805E8-F71B-11E8-A417-BC5FF4F4F2AA","2","","","","no_strict_source_match"
"not_found","LMA79001","LEMANSO","Двійник 250V 10A 2500W + 2*USB 5V 2.1A без заземлення білий ""LEMANSO"" LMA79001","F614A09B-9ABC-11F0-98EF-BC5FF4F4F2AA","2","","","","no_strict_source_match"
"not_found","LMA79004","LEMANSO","Трійник 100-250V 16A 4000W + USB 5V 3.3A + 2*Type C з/з., штекер ПОВОРОТНИЙ білий ""LEMANSO"" LMA79004","F614A09F-9ABC-11F0-98EF-BC5FF4F4F2AA","4","","","","no_strict_source_match"
"not_found","LMA79003","LEMANSO","Двійник 250V 16A 4000W + 2*USB 5V 2.4A + Type C з заземленням білий ""LEMANSO"" LMA79003","F614A09D-9ABC-11F0-98EF-BC5FF4F4F2AA","3","","","","no_strict_source_match"
"found","LDB30","LEMANSO","Механічний дзвінок динг-донг великий 230V білий ""LEMANSO"" LDB30","2E0CAE6A-D094-11EA-ACF5-BC5FF4F4F2AA","7","https://ultra-svet.com/image/cache/catalog/tovari/releynoe/zvonki-elektricheskie/ldb33-1-800x800.jpg","https://ultra-svet.com/mekhanicheskij-zvonok-ding-dong-230v-bolshoj-belyj-lemanso-ldb30","110","ultra-svet"
"skipped","","LEMANSO","Захист для галогенних ламп 220v 150w ""LEMANSO"" - Розпродаж!","8A53974C-31C5-11E4-B9D7-BC5FF4F4F2AA","1","","","","article_not_found"
"skipped","","LEMANSO","Захист для галогенних ламп 220v 300w ""LEMANSO"" - Розпродаж!","8A53974E-31C5-11E4-B9D7-BC5FF4F4F2AA","4","","","","article_not_found"
"skipped","","LEMANSO","Захист для галогенних ламп 220v 500w ""LEMANSO"" - Розпродаж!","8A539750-31C5-11E4-B9D7-BC5FF4F4F2AA","5","","","","article_not_found"
"found","LMA401","LEMANSO","Ізолента Япі 20 метрів 0.13x19мм біла ""LEMANSO"" LMA401","8D7050FC-01D5-11E8-AFA1-BC5FF4F4F2AA","21","https://ultra-svet.com/image/catalog/tovari/elektromontazh/izolenta/yelloy.jpeg","https://ultra-svet.com/izolenta-yanl-20-metrov-013x19mm-zhyoltaya-lemanso-lma401-1","98","pwa-catalog"
"found","LMA401","LEMANSO","Ізолента Япі 20 метрів 0.13x19мм зелена ""LEMANSO"" LMA401","8D705108-01D5-11E8-AFA1-BC5FF4F4F2AA","22","https://ultra-svet.com/image/catalog/tovari/elektromontazh/izolenta/yelloy.jpeg","https://ultra-svet.com/izolenta-yanl-20-metrov-013x19mm-zhyoltaya-lemanso-lma401-1","98","pwa-catalog"
"found","LMA401","LEMANSO","Ізолента Япі 20 метрів 0.13x19мм синя ""LEMANSO"" LMA401","8D7050FA-01D5-11E8-AFA1-BC5FF4F4F2AA","25","https://ultra-svet.com/image/catalog/tovari/elektromontazh/izolenta/yelloy.jpeg","https://ultra-svet.com/izolenta-yanl-20-metrov-013x19mm-zhyoltaya-lemanso-lma401-1","98","pwa-catalog"
"found","LMA401","LEMANSO","Ізолента Япі 20 метрів 0.13x19мм червона ""LEMANSO"" LMA401","308B233A-0115-11E8-BFD2-BC5FF4F4F2AA","32","https://ultra-svet.com/image/catalog/tovari/elektromontazh/izolenta/yelloy.jpeg","https://ultra-svet.com/izolenta-yanl-20-metrov-013x19mm-zhyoltaya-lemanso-lma401-1","98","pwa-catalog"
"found","LMA006","LEMANSO","Ізолента Стандарт 30 метрів чорна ""LEMANSO"" LMA006","5CAC813A-21E3-11E4-80F2-08606ED9504B","20","https://ultra-svet.com/image/catalog/tovari/elektromontazh/izolenta/black.jpg","https://ultra-svet.com/izolenta-30-metrov-chernaya-lemanso-lma006","98","pwa-catalog"
"not_found","LMA79002","LEMANSO","Трійник 250V 16A 4000W + 2*USB 5V 3.4A з заземленням білий ""LEMANSO"" LMA79002","F614A0A1-9ABC-11F0-98EF-BC5FF4F4F2AA","2","","","","no_strict_source_match"
"skipped","","LEMANSO","Клемні планки 10A / 10мм ""LEMANSO"" (10шт.)","7406775A-31C3-11E4-B9D7-BC5FF4F4F2AA","30","","","","article_not_found"
"skipped","","LEMANSO","Клемні планки 15A / 12мм ""LEMANSO"" (10шт.)","19CE4445-2E96-11E4-A4F7-BC5FF4F4F2AA","20","","","","article_not_found"
"skipped","","LEMANSO","Клемні планки 20A / 14мм ""LEMANSO"" (10шт.)","19CE4447-2E96-11E4-A4F7-BC5FF4F4F2AA","30","","","","article_not_found"
"skipped","","LEMANSO","Клемні планки 3A / 4мм ""LEMANSO"" (10шт.)","5CAC815B-21E3-11E4-80F2-08606ED9504B","40","","","","article_not_found"
"skipped","","LEMANSO","Клемні планки 5A / 6 мм ""LEMANSO"" (10шт.)","3E211FE4-5A82-11E4-AF93-BC5FF4F4F2AA","40","","","","article_not_found"
"found","PBS-18","LEMANSO","Кнопка LSW10 кругла біла для лампи ""LEMANSO"" PBS-18","6FCB8C05-9D71-11E3-822B-902B34A4365E","17","https://ultra-svet.com/image/catalog/tovari/elektrofurnitura/knopki-pereklyuchateli-tumbleri/knopki/lsw10.jpg","https://ultra-svet.com/knopka-lsw10-belaya-dlya-lampy-lemanso-pbs-18","98","pwa-catalog"
"found","R16-503AD","LEMANSO","Кнопка LSW13 кругла зелена з LED підсвічуванням LED ON-OFF ""LEMANSO"" R16-503AD","69363E2E-9D71-11E3-822B-902B34A4365E","23","https://ultra-svet.com/image/catalog/tovari/elektrofurnitura/knopki-pereklyuchateli-tumbleri/knopki/lsw13y.jpg","https://ultra-svet.com/knopka-lsw13-kruglaya-zheltaya-s-led-podsv-on-off-lemanso-r16-503ad","98","pwa-catalog"
"found","R16-503AD","LEMANSO","Кнопка LSW13 кругла синя з LED підсвічуванням ON-OFF ""LEMANSO"" R16-503AD","6FCB8C0D-9D71-11E3-822B-902B34A4365E","22","https://ultra-svet.com/image/catalog/tovari/elektrofurnitura/knopki-pereklyuchateli-tumbleri/knopki/lsw13y.jpg","https://ultra-svet.com/knopka-lsw13-kruglaya-zheltaya-s-led-podsv-on-off-lemanso-r16-503ad","98","pwa-catalog"
"found","R16-503AD","LEMANSO","Кнопка LSW13 кругла червона з LED підсвічуванням LED ON-OFF ""LEMANSO"" R16-503AD","6FCB8C0C-9D71-11E3-822B-902B34A4365E","10","https://ultra-svet.com/image/catalog/tovari/elektrofurnitura/knopki-pereklyuchateli-tumbleri/knopki/lsw13y.jpg","https://ultra-svet.com/knopka-lsw13-kruglaya-zheltaya-s-led-podsv-on-off-lemanso-r16-503ad","98","pwa-catalog"
"found","DS-225","LEMANSO","Кнопка LSW11 квадрат жовта без фіксації OFF-(ON) ""LEMANSO"" DS-225","6FCB8C06-9D71-11E3-822B-902B34A4365E","14","https://ultra-svet.com/image/catalog/tovari/elektrofurnitura/knopki-pereklyuchateli-tumbleri/knopki/lsw11y.jpg","https://ultra-svet.com/knopka-lsw11-kvadrat-zheltaya-bez-fiksoff-on-lemanso-ds-225","98","pwa-catalog"
"found","DS-225","LEMANSO","Кнопка LSW11 квадрат зелена без фіксації OFF-(ON) ""LEMANSO"" DS-225","6FCB8C07-9D71-11E3-822B-902B34A4365E","22","https://ultra-svet.com/image/catalog/tovari/elektrofurnitura/knopki-pereklyuchateli-tumbleri/knopki/lsw11y.jpg","https://ultra-svet.com/knopka-lsw11-kvadrat-zheltaya-bez-fiksoff-on-lemanso-ds-225","98","pwa-catalog"
"found","DS-225","LEMANSO","Кнопка LSW11 квадрат синя без фіксації OFF-(ON) ""LEMANSO"" DS-225","6FCB8C08-9D71-11E3-822B-902B34A4365E","34","https://ultra-svet.com/image/catalog/tovari/elektrofurnitura/knopki-pereklyuchateli-tumbleri/knopki/lsw11y.jpg","https://ultra-svet.com/knopka-lsw11-kvadrat-zheltaya-bez-fiksoff-on-lemanso-ds-225","98","pwa-catalog"
"found","DS-225","LEMANSO","Кнопка LSW11 квадрат червона без фіксації OFF-(ON) ""LEMANSO"" DS-225","6FCB8BFF-9D71-11E3-822B-902B34A4365E","25","https://ultra-svet.com/image/catalog/tovari/elektrofurnitura/knopki-pereklyuchateli-tumbleri/knopki/lsw11y.jpg","https://ultra-svet.com/knopka-lsw11-kvadrat-zheltaya-bez-fiksoff-on-lemanso-ds-225","98","pwa-catalog"
"found","DS-225","LEMANSO","Кнопка LSW11 квадрат чорна без фіксації OFF-(ON) ""LEMANSO"" DS-225","6FCB8C09-9D71-11E3-822B-902B34A4365E","22","https://ultra-svet.com/image/catalog/tovari/elektrofurnitura/knopki-pereklyuchateli-tumbleri/knopki/lsw11y.jpg","https://ultra-svet.com/knopka-lsw11-kvadrat-zheltaya-bez-fiksoff-on-lemanso-ds-225","98","pwa-catalog"
"found","DS-226","LEMANSO","Кнопка LSW12 квадрат жовта з фіксацією ON-OFF ""LEMANSO"" DS-226","69363E2B-9D71-11E3-822B-902B34A4365E","24","https://ultra-svet.com/image/catalog/tovari/elektrofurnitura/knopki-pereklyuchateli-tumbleri/knopki/lsw11bl.jpg","https://ultra-svet.com/knopka-lsw12-kvadrat-sinyaya-s-fiks-on-off-lemanso-ds-226","98","pwa-catalog"
"found","DS-226","LEMANSO","Кнопка LSW12 квадрат зелена з фіксацією ON-OFF ""LEMANSO"" DS-226","6FCB8C03-9D71-11E3-822B-902B34A4365E","11","https://ultra-svet.com/image/catalog/tovari/elektrofurnitura/knopki-pereklyuchateli-tumbleri/knopki/lsw11bl.jpg","https://ultra-svet.com/knopka-lsw12-kvadrat-sinyaya-s-fiks-on-off-lemanso-ds-226","98","pwa-catalog"
"found","DS-226","LEMANSO","Кнопка LSW12 квадрат синя з фіксацією ON-OFF ""LEMANSO"" DS-226","6FCB8C0A-9D71-11E3-822B-902B34A4365E","16","https://ultra-svet.com/image/catalog/tovari/elektrofurnitura/knopki-pereklyuchateli-tumbleri/knopki/lsw11bl.jpg","https://ultra-svet.com/knopka-lsw12-kvadrat-sinyaya-s-fiks-on-off-lemanso-ds-226","98","pwa-catalog"
"found","DS-226","LEMANSO","Кнопка LSW12 квадрат червона з фіксацією ON-OFF ""LEMANSO"" DS-226","6FCB8C04-9D71-11E3-822B-902B34A4365E","18","https://ultra-svet.com/image/catalog/tovari/elektrofurnitura/knopki-pereklyuchateli-tumbleri/knopki/lsw11bl.jpg","https://ultra-svet.com/knopka-lsw12-kvadrat-sinyaya-s-fiks-on-off-lemanso-ds-226","98","pwa-catalog"
"found","DS-226","LEMANSO","Кнопка LSW12 квадрат чорна з фіксацією ON-OFF ""LEMANSO"" DS-226","6FCB8C0B-9D71-11E3-822B-902B34A4365E","13","https://ultra-svet.com/image/catalog/tovari/elektrofurnitura/knopki-pereklyuchateli-tumbleri/knopki/lsw11bl.jpg","https://ultra-svet.com/knopka-lsw12-kvadrat-sinyaya-s-fiks-on-off-lemanso-ds-226","98","pwa-catalog"
"found","LM9146","LEMANSO","Крокодил в кембрику 35мм з дротом - 50см кратно 2шт (1біл+1чор+1черв+1зел+1жовт) ""LEMANSO"" LM9146","31653268-C985-11ED-8C76-BC5FF4F4F2AA","12","https://ultra-svet.com/image/cache/catalog/tovari/istochnikipitanija/krokodily/lm9146-1-800x800.jpg","https://ultra-svet.com/lm9133","98","ultra-svet"
"found","LMA2627","LEMANSO","Кріплення роз'ємів ""LEMANSO"" LMA2627","C96623EF-7FEC-11EF-9094-BC5FF4F4F2AA","71","https://cdn.27.ua/sc--media--prod/default/87/45/91/8745915c-0e92-4c1d-8ca6-6d95aaa1a817.jpg","https://epicentrk.ua/shop/mplc-kriplenna-dla-klemi-lemanso-lma2627-10822-1f097e71-2392-6a96-93c7-597bd4ffb6dd.html","107","epicentr"
"found","KRO0390.1","LEMANSO","Крокодил малий кратно 2шт (1 червоний + 1 чорний) ""LEMANSO"" KRO0390.1","79091F44-9198-11ED-AD9D-BC5FF4F4F2AA","35","https://ultra-svet.com/image/cache/catalog/tovari/istochnikipitanija/krokodily/kro0390.1-1-800x800.jpg","https://ultra-svet.com/kro0390-1","110","ultra-svet"
"not_found","LM6382","LEMANSO","Лічильник + Вольтметр + Амперметр 100А LCD табло 80-275V (червоний дисплей) ""LEMANSO"" LM6382","75FAF0D1-36D6-11F0-9D3F-BC5FF4F4F2AA","2","","","","no_strict_source_match"
"found","LM2522","LEMANSO","Патрон Е27 пластиковий різьба з кільцем чорний ""LEMANSO"" LM2522 (LM130)","29429911-9D71-11E3-822B-902B34A4365E","17","https://cdn.27.ua/sc--media--prod/default/1c/5f/41/1c5f4122-bd59-4abe-b1e5-c46247c996bb.jpg","https://epicentrk.ua/shop/mplc-patron-lemanso-e27-lm2522-bakelit-riz-ba-riz-blenna-z-kil-cem-cornij-1edce1ff-7ea0-6efa-b420-4be6fc54cc88.html","107","epicentr"
"not_found","LM2535","LEMANSO","Патрон E27 пластиковий прямий білий ""LEMANSO"" LM2535","789F0647-1C4F-11F1-BCFB-BC5FF4F4F2AA","41","","","","no_strict_source_match"
"not_found","LM2536","LEMANSO","Патрон E27 пластиковий косий білий ""LEMANSO"" LM2536","789F0645-1C4F-11F1-BCFB-BC5FF4F4F2AA","34","","","","no_strict_source_match"
"found","J-118","LEMANSO","Лампа галогенна J-118 500W ""LEMANSO""","8B00E729-59EB-11E4-B89C-BC5FF4F4F2AA","20","https://ultra-svet.com/image/catalog/tovari/svetotehnika/lampi/lampi-galogennie/j-118.jpeg","https://ultra-svet.com/lampa-lemanso-galogen.-j-118-500w","98","pwa-catalog"
"found","JCD220v","LEMANSO","Лампа галогенна JCD 220v G-9 40W ""LEMANSO""","352B6D1D-59E6-11E4-B89C-BC5FF4F4F2AA","22","https://ultra-svet.com/image/catalog/tovari/svetotehnika/lampi/lampi-galogennie/jcd.jpg","https://ultra-svet.com/lampa-lemanso-jcd-220v-35w-g4-caps","98","pwa-catalog"
"found","JCD220v","LEMANSO","Лампа галогенна JCD 220v G-9 50W ""LEMANSO""","352B6D1F-59E6-11E4-B89C-BC5FF4F4F2AA","22","https://ultra-svet.com/image/catalog/tovari/svetotehnika/lampi/lampi-galogennie/jcd.jpg","https://ultra-svet.com/lampa-lemanso-jcd-220v-35w-g4-caps","98","pwa-catalog"
"found","JCD220v","LEMANSO","Лампа галогенна JCD 220v G-9 60W ""LEMANSO""","352B6D21-59E6-11E4-B89C-BC5FF4F4F2AA","17","https://ultra-svet.com/image/catalog/tovari/svetotehnika/lampi/lampi-galogennie/jcd.jpg","https://ultra-svet.com/lampa-lemanso-jcd-220v-35w-g4-caps","98","pwa-catalog"
"skipped","","LEMANSO","Лампа для нічничків 10W Е12 ""LEMANSO"" C7 (у коробці)","B056F5DB-B4BE-11E8-BB13-BC5FF4F4F2AA","25","","","","article_not_found"
"found","ESB926","LEMANSO","Лампа економка MR16 11W 2700K ""LEMANSO"" ESB926 - Розпродаж!","5FDCBF0B-0A0F-11E7-9A5A-BC5FF4F4F2AA","643","https://ultra-svet.com/image/catalog/tovari/svetotehnika/lampi/lampi-energosberegayushtie/mr16ekonom.jpeg","https://ultra-svet.com/lampa-ekonomka-mr16-11w-2700k-lemanso-esb926-rasprodazha","98","pwa-catalog"
"found","ESB926","LEMANSO","Лампа економка MR16 11W 4200K ""LEMANSO"" ESB926 - Розпродаж!","F53B6DEA-5665-11E7-AF12-BC5FF4F4F2AA","65","https://ultra-svet.com/image/catalog/tovari/svetotehnika/lampi/lampi-energosberegayushtie/mr16ekonom.jpeg","https://ultra-svet.com/lampa-ekonomka-mr16-11w-2700k-lemanso-esb926-rasprodazha","98","pwa-catalog"
"found","LM3009","LEMANSO","Лампа енергозберігаюча PLS 11W 4200K гар.6міс. ""LEMANSO"" LM3009","DC077C1A-0744-11E9-AC33-BC5FF4F4F2AA","16","https://ultra-svet.com/image/catalog/tovari/svetotehnika/lampi/lampi-energosberegayushtie/lm3009-1.jpg","https://ultra-svet.com/lampa-%D1%94nergosberigayuschaya-pls-11w-4200k-gar6mes-lemanso-lm3009","98","pwa-catalog"
"found","LTL20027","LEMANSO","Кусачки 180мм сині ""LEMANSO"" LTL20027","5AE19F08-9D71-11E3-822B-902B34A4365E","1","https://cdn.27.ua/sc--media--prod/default/97/07/08/97070893-ece5-4635-8c1a-07d6608667bb.jpg","https://epicentrk.ua/shop/mplc-smatocki-lemanso-ltl20027-180-mm-5934-1ee223bf-41ac-65ec-bb79-9f0d0961b27f.html","107","epicentr"
"found","LM3827","LEMANSO","Лампа інфрачервона 175W E27 230V гарант. 6міс ""LEMANSO"" LM3827","0FC82C2E-73C4-11EE-9B50-BC5FF4F4F2AA","25","https://cdn.27.ua/sc--media--prod/default/8e/31/f9/8e31f9bd-8a19-4106-a203-dedcea545ae5.jpg","https://epicentrk.ua/shop/mplc-lampa-infracervona-griuca-lemanso-175w-e27-220v-lm3827-1f0a4827-e705-67aa-8e5e-49d34deee6c6.html","107","epicentr"
"not_found","LTL20018","LEMANSO","Кусачки 125мм оранжево-сірі ""LEMANSO"" LTL20018","5AE19F12-9D71-11E3-822B-902B34A4365E","1","","","","no_strict_source_match"
"found","LM3023","LEMANSO","Лампа світлодіодна 4W E14 COB 4500K для витяжки ""LEMANSO"" LM3023","00F3FB04-EC59-11E9-AFAB-BC5FF4F4F2AA","7","https://ultra-svet.com/image/catalog/tovari/led-osveshtenie/svetodiodnie-lampi/drugie-vidi/vitiagka.jpg","https://ultra-svet.com/lampa-svetodiodnaya-4w-e14-cob-4500k-dlya-vytyazhki-lemanso-lm3023","98","pwa-catalog"
"found","LM3023","LEMANSO","Лампа світлодіодна 4W E14 COB 6500K для витяжки ""LEMANSO"" LM3023","00F3FB06-EC59-11E9-AFAB-BC5FF4F4F2AA","7","https://ultra-svet.com/image/catalog/tovari/led-osveshtenie/svetodiodnie-lampi/drugie-vidi/vitiagka.jpg","https://ultra-svet.com/lampa-svetodiodnaya-4w-e14-cob-4500k-dlya-vytyazhki-lemanso-lm3023","98","pwa-catalog"
"found","LM796","LEMANSO","Лампа світлодіодна C37 8W E14 800LM 6500K 175-265V свічка ""LEMANSO"" LM796","7D147794-E644-11E8-8302-BC5FF4F4F2AA","15","https://ultra-svet.com/image/catalog/tovari/led-osveshtenie/svetodiodnie-lampi/svecha/svechae27-2.jpg","https://ultra-svet.com/lampa-svetodiodnaya-c37-8w-e14-800lm-4000k-175-265v-svecha-lemanso-lm796","98","pwa-catalog"
"found","LM797","LEMANSO","Лампа світлодіодна C37 8W E27 800LM 6500K 175-265V свічка ""LEMANSO"" LM797","6BA4B2A8-1ED5-11E9-B753-BC5FF4F4F2AA","32","https://ultra-svet.com/image/catalog/tovari/led-osveshtenie/svetodiodnie-lampi/svecha/svechae27-1.jpg","https://ultra-svet.com/lampa-svetodiodnaya-c37-8w-e27-800lm-6500k-175-265v-svecha-lemanso-lm797","98","pwa-catalog"
"found","LM3053","LEMANSO","Лампа світлодіодна С37 9W E14 1080LM 6500K 175-265V свічка ""LEMANSO"" LM3053","8A825E4B-EDF0-11E9-A4EC-BC5FF4F4F2AA","34","https://ultra-svet.com/image/catalog/tovari/led-osveshtenie/svetodiodnie-lampi/svecha/svechae27-2.jpg","https://ultra-svet.com/lampa-svetodiodnaya-c37-9w-e14-1080lm-4000k-175-265v-svecha-lemanso-lm3053","98","pwa-catalog"
"found","LM3054","LEMANSO","Лампа світлодіодна С37 9W E27 1080LM 6500K 175-265V свічка ""LEMANSO"" LM3054","8A825E4D-EDF0-11E9-A4EC-BC5FF4F4F2AA","28","https://ultra-svet.com/image/catalog/tovari/led-osveshtenie/svetodiodnie-lampi/svecha/svechae27-1.jpg","https://ultra-svet.com/lampa-svetodiodnaya-c37-9w-e27-1080lm-4000k-175-265v-svecha-lemanso-lm3054","98","pwa-catalog"
"found","LM3018","LEMANSO","Лампа світлодіодна C37T 8W E14 800LM 4000K 175-265V свічка на вітрі ""LEMANSO"" LM3018","C1AF0599-709B-11E9-B699-BC5FF4F4F2AA","16","https://ultra-svet.com/image/catalog/tovari/led-osveshtenie/svetodiodnie-lampi/svecha-na-vetru/img21092_13474_big.jpg","https://ultra-svet.com/lampa-svetodiodnaya-c37t-8w-e14-800lm-4000k-175-265v-svecha-na-vetru-lemanso-lm3018","98","pwa-catalog"
"found","LM3018","LEMANSO","Лампа світлодіодна C37T 8W E14 800LM 6500K 175-265V свічка на вітрі ""LEMANSO"" LM3018","C1AF059B-709B-11E9-B699-BC5FF4F4F2AA","19","https://ultra-svet.com/image/catalog/tovari/led-osveshtenie/svetodiodnie-lampi/svecha-na-vetru/img21092_13474_big.jpg","https://ultra-svet.com/lampa-svetodiodnaya-c37t-8w-e14-800lm-4000k-175-265v-svecha-na-vetru-lemanso-lm3018","98","pwa-catalog"
"found","LM217","LEMANSO","Лампа світлодіодна A60 10W E27 800LM 4000K 175-265V ""LEMANSO"" LM217","6FCB2E93-86B6-11E5-B379-BC5FF4F4F2AA","233","https://ultra-svet.com/image/catalog/tovari/led-osveshtenie/svetodiodnie-lampi/grusha-klassicheskaya/3790.jpg","https://ultra-svet.com/lampa-svetodiodnaya-a60-10w-e27-800lm-6500k-175-265v-lemanso-lm217","98","pwa-catalog"
"found","LM791","LEMANSO","Лампа світлодіодна A60 15W E27 1350LM 4000K 175-265V ""LEMANSO"" LM791","34362478-A12B-11E8-836C-BC5FF4F4F2AA","106","https://ultra-svet.com/image/catalog/tovari/led-osveshtenie/svetodiodnie-lampi/grusha-klassicheskaya/3790.jpg","https://ultra-svet.com/lampa-svetodiodnaya-15w-a60-e27-1350lm-6500k-230v-lemanso-lm379","98","pwa-catalog"
"found","LM217","LEMANSO","Лампа світлодіодна A60 10W E27 800LM 6500K 175-265V ""LEMANSO"" LM217","465D1FF0-594A-11EA-8B9C-BC5FF4F4F2AA","188","https://ultra-svet.com/image/catalog/tovari/led-osveshtenie/svetodiodnie-lampi/grusha-klassicheskaya/3790.jpg","https://ultra-svet.com/lampa-svetodiodnaya-a60-10w-e27-800lm-6500k-175-265v-lemanso-lm217","98","pwa-catalog"
"found","LM3038","LEMANSO","Лампа світлодіодна A60 15W E27 1700LM 6500K 175-265V ""LEMANSO"" LM3038","7D2B3270-00D9-11E8-BFD2-BC5FF4F4F2AA","64","https://ultra-svet.com/image/catalog/tovari/led-osveshtenie/svetodiodnie-lampi/grusha-klassicheskaya/3790.jpg","https://ultra-svet.com/lampa-svetodiodnaya-a60-15w-e27-1700lm-6500k-175-265v-lemanso-lm3038","98","pwa-catalog"
"found","LM3086","LEMANSO","Лампа світлодіодна A60 7W E27 175-265V блакитна ""LEMANSO"" LM3086","E86DE128-CA8E-11EA-B031-BC5FF4F4F2AA","6","https://ultra-svet.com/image/catalog/tovari/led-osveshtenie/svetodiodnie-lampi/grusha-klassicheskaya/lm3086-1.jpg","https://ultra-svet.com/lampa-svetodiodnaya-a60-7w-e27-175-265v-rozovaya-lemanso-lm3086","98","pwa-catalog"
"found","LM3086","LEMANSO","Лампа світлодіодна A60 7W E27 175-265V жовта ""LEMANSO"" LM3086","E86DE12A-CA8E-11EA-B031-BC5FF4F4F2AA","8","https://ultra-svet.com/image/catalog/tovari/led-osveshtenie/svetodiodnie-lampi/grusha-klassicheskaya/lm3086-1.jpg","https://ultra-svet.com/lampa-svetodiodnaya-a60-7w-e27-175-265v-rozovaya-lemanso-lm3086","98","pwa-catalog"
"found","LM3086","LEMANSO","Лампа світлодіодна A60 7W E27 175-265V зелена ""LEMANSO"" LM3086","E86DE12C-CA8E-11EA-B031-BC5FF4F4F2AA","6","https://ultra-svet.com/image/catalog/tovari/led-osveshtenie/svetodiodnie-lampi/grusha-klassicheskaya/lm3086-1.jpg","https://ultra-svet.com/lampa-svetodiodnaya-a60-7w-e27-175-265v-rozovaya-lemanso-lm3086","98","pwa-catalog"
"found","LM3086","LEMANSO","Лампа світлодіодна A60 7W E27 175-265V червона ""LEMANSO"" LM3086","E86DE12E-CA8E-11EA-B031-BC5FF4F4F2AA","10","https://ultra-svet.com/image/catalog/tovari/led-osveshtenie/svetodiodnie-lampi/grusha-klassicheskaya/lm3086-1.jpg","https://ultra-svet.com/lampa-svetodiodnaya-a60-7w-e27-175-265v-rozovaya-lemanso-lm3086","98","pwa-catalog"
"found","LM3829","LEMANSO","Лампа інфрачервона 250W E27 230V повністю червона гарант. 6міс ""LEMANSO"" LM3829","0FC82C32-73C4-11EE-9B50-BC5FF4F4F2AA","8","https://cdn.27.ua/sc--media--prod/default/f7/99/a0/f799a073-cb64-43fc-8dbf-676e86fa21f9.jpg","https://epicentrk.ua/shop/mplc-lampa-infracervona-lemanso-lm3829-250w-e27-230v-9092-1effa0ed-c23a-6614-8ee3-914e9f7e0845.html","107","epicentr"
"found","LM796","LEMANSO","Лампа світлодіодна C37 8W E14 800LM 4000K 175-265V свічка ""LEMANSO"" LM796","3436246E-A12B-11E8-836C-BC5FF4F4F2AA","14","https://ultra-svet.com/image/catalog/tovari/led-osveshtenie/svetodiodnie-lampi/svecha/svechae27-2.jpg","https://ultra-svet.com/lampa-svetodiodnaya-c37-8w-e14-800lm-4000k-175-265v-svecha-lemanso-lm796","98","pwa-catalog"
"found","LM797","LEMANSO","Лампа світлодіодна C37 8W E27 800LM 4000K 175-265V свічка ""LEMANSO"" LM797","34362470-A12B-11E8-836C-BC5FF4F4F2AA","37","https://ultra-svet.com/image/catalog/tovari/led-osveshtenie/svetodiodnie-lampi/svecha/svechae27-1.jpg","https://ultra-svet.com/lampa-svetodiodnaya-c37-8w-e27-800lm-6500k-175-265v-svecha-lemanso-lm797","98","pwa-catalog"
"found","LM3053","LEMANSO","Лампа світлодіодна C37 9W E14 1080LM 4000K 175-265V свічка ""LEMANSO"" LM3053","780D08AF-C569-11E9-AFC7-BC5FF4F4F2AA","32","https://ultra-svet.com/image/catalog/tovari/led-osveshtenie/svetodiodnie-lampi/svecha/svechae27-2.jpg","https://ultra-svet.com/lampa-svetodiodnaya-c37-9w-e14-1080lm-4000k-175-265v-svecha-lemanso-lm3053","98","pwa-catalog"
"found","LM3054","LEMANSO","Лампа світлодіодна C37 9W E27 1080LM 4000K 175-265V свічка ""LEMANSO"" LM3054","780D08B1-C569-11E9-AFC7-BC5FF4F4F2AA","18","https://ultra-svet.com/image/catalog/tovari/led-osveshtenie/svetodiodnie-lampi/svecha/svechae27-1.jpg","https://ultra-svet.com/lampa-svetodiodnaya-c37-9w-e27-1080lm-4000k-175-265v-svecha-lemanso-lm3054","98","pwa-catalog"
"found","LM3030","LEMANSO","Лампа світлодіодна G4 1,5W 150LM 4500K AC/DC 12V силікон ""LEMANSO"" LM3030","308B2309-0115-11E8-BFD2-BC5FF4F4F2AA","10","https://ultra-svet.com/image/catalog/tovari/led-osveshtenie/svetodiodnie-lampi/kapsulynaya/77.jpg","https://ultra-svet.com/lampa-svetodiodnaya-g4-1-5w-150lm-4500k-acdc-12v-silikon-lemanso-lm3030","98","pwa-catalog"
"found","LM327","LEMANSO","Лампа світлодіодна G4 2.5W 170LM 4500K 230V силікон ""LEMANSO"" LM327","707020D8-CBB4-11E4-841C-BC5FF4F4F2AA","13","https://ultra-svet.com/image/catalog/tovari/led-osveshtenie/svetodiodnie-lampi/kapsulynaya/lm327.jpg","https://ultra-svet.com/lampa-svetodiodnaya-g4-48led-25w-230v-170lm-3000k-3014smd-silikon-lemanso-lm327","98","pwa-catalog"
"found","LM350","LEMANSO","Лампа світлодіодна G4 2.5W 200LM 4500K 12V силікон ""LEMANSO"" LM350","707020D4-CBB4-11E4-841C-BC5FF4F4F2AA","11","https://ultra-svet.com/image/catalog/tovari/led-osveshtenie/svetodiodnie-lampi/kapsulynaya/lm327.jpg","https://ultra-svet.com/lampa-svetodiodnaya-g4-48led-25w-170lm-4500k-3014smd-acdc12v-silikon-lemanso-lm350","98","pwa-catalog"
"found","LM3828","LEMANSO","Лампа інфрачервона 250W E27 230V на половину червона гарант. 6міс ""LEMANSO"" LM3828","0FC82C30-73C4-11EE-9B50-BC5FF4F4F2AA","15","https://cdn.27.ua/sc--media--prod/default/05/fb/d1/05fbd1f8-8b15-488f-bb2e-3cf7f6493cf6.jpg","https://epicentrk.ua/shop/mplc-lampa-infracervona-lemanso-griuca-250w-e27-220v-cervonij-lm3828-1f0b6958-547d-6a42-8c31-5f427083e1d3.html","107","epicentr"
"found","LM3031","LEMANSO","Лампа світлодіодна G4 COB 3W 300LM 4500K AC/DC 12V силікон ""LEMANSO"" LM3031","308B2313-0115-11E8-BFD2-BC5FF4F4F2AA","7","https://ultra-svet.com/image/catalog/tovari/led-osveshtenie/svetodiodnie-lampi/kapsulynaya/i-1.jpg","https://ultra-svet.com/lampa-svetodiodnaya-g4-cob-3w-300lm-4500k-acdc-12v-silikon-lemanso-lm3031","98","pwa-catalog"
"found","LM705","LEMANSO","Лампа світлодіодна G45 1,2W E27 230V 6500К біла кулька ""LEMANSO"" LM705","E97B26A5-CA42-11E4-9DB7-BC5FF4F4F2AA","46","https://ultra-svet.com/image/catalog/tovari/led-osveshtenie/svetodiodnie-lampi/sharik/lm-357-krasnyj.png","https://ultra-svet.com/lampa-svetodiodnaya-g45-1-2w-e27-230v-oranzhevyj-sharik-lemanso-lm705","98","pwa-catalog"
"found","LM705","LEMANSO","Лампа світлодіодна G45 1,2W E27 230V жовта кулька ""LEMANSO"" LM705","6785807B-CBD2-11E4-841C-BC5FF4F4F2AA","7","https://ultra-svet.com/image/catalog/tovari/led-osveshtenie/svetodiodnie-lampi/sharik/lm-357-krasnyj.png","https://ultra-svet.com/lampa-svetodiodnaya-g45-1-2w-e27-230v-oranzhevyj-sharik-lemanso-lm705","98","pwa-catalog"
"found","LM705","LEMANSO","Лампа світлодіодна G45 1,2W E27 230V зелена кулька ""LEMANSO"" LM705","0C76B500-C989-11E4-9881-BC5FF4F4F2AA","5","https://ultra-svet.com/image/catalog/tovari/led-osveshtenie/svetodiodnie-lampi/sharik/lm-357-krasnyj.png","https://ultra-svet.com/lampa-svetodiodnaya-g45-1-2w-e27-230v-oranzhevyj-sharik-lemanso-lm705","98","pwa-catalog"
"found","LM705","LEMANSO","Лампа світлодіодна G45 1,2W E27 230V рожева кулька ""LEMANSO"" LM705","0C76B504-C989-11E4-9881-BC5FF4F4F2AA","9","https://ultra-svet.com/image/catalog/tovari/led-osveshtenie/svetodiodnie-lampi/sharik/lm-357-krasnyj.png","https://ultra-svet.com/lampa-svetodiodnaya-g45-1-2w-e27-230v-oranzhevyj-sharik-lemanso-lm705","98","pwa-catalog"
"found","LM705","LEMANSO","Лампа світлодіодна G45 1,2W E27 230V синя кулька ""LEMANSO"" LM705","0C76B4FE-C989-11E4-9881-BC5FF4F4F2AA","10","https://ultra-svet.com/image/catalog/tovari/led-osveshtenie/svetodiodnie-lampi/sharik/lm-357-krasnyj.png","https://ultra-svet.com/lampa-svetodiodnaya-g45-1-2w-e27-230v-oranzhevyj-sharik-lemanso-lm705","98","pwa-catalog"
"found","LM705","LEMANSO","Лампа світлодіодна G45 1,2W E27 230V фіолетова кулька ""LEMANSO"" LM705","940BEC62-C999-11E4-9881-BC5FF4F4F2AA","7","https://ultra-svet.com/image/catalog/tovari/led-osveshtenie/svetodiodnie-lampi/sharik/lm-357-krasnyj.png","https://ultra-svet.com/lampa-svetodiodnaya-g45-1-2w-e27-230v-oranzhevyj-sharik-lemanso-lm705","98","pwa-catalog"
"found","LM705","LEMANSO","Лампа світлодіодна G45 1,2W E27 230V червона кулька ""LEMANSO"" LM705","0C76B502-C989-11E4-9881-BC5FF4F4F2AA","15","https://ultra-svet.com/image/catalog/tovari/led-osveshtenie/svetodiodnie-lampi/sharik/lm-357-krasnyj.png","https://ultra-svet.com/lampa-svetodiodnaya-g45-1-2w-e27-230v-oranzhevyj-sharik-lemanso-lm705","98","pwa-catalog"
"found","LM3057","LEMANSO","Лампа світлодіодна G45 9W E14 1080LM 6500K 175-265V кулька ""LEMANSO"" LM3057","580B1A4E-2761-11EC-AA55-BC5FF4F4F2AA","22","https://ultra-svet.com/image/catalog/tovari/led-osveshtenie/svetodiodnie-lampi/sharik/lm3057-1.jpg","https://ultra-svet.com/index.php?route=product%2Fproduct&path=105&product_id=1083993","98","pwa-catalog"
"found","LM3024","LEMANSO","Лампа світлодіодна G9 COB 2W 230LM 6500K 230V ""LEMANSO"" LM3024","00F3FAF8-EC59-11E9-AFAB-BC5FF4F4F2AA","8","https://ultra-svet.com/image/catalog/tovari/led-osveshtenie/svetodiodnie-lampi/kapsulynaya/vamelectro_lampa_svetodiodnaya_ul_00001815_g9_4w_3000k_kapsulnaya_prozrachnaya_led_jcd_4w_ww_g9_cl_g.jpeg","https://ultra-svet.com/lampa-svetodiodnaya-g9-cob-2w-230lm-4500k-230v-lemanso-lm3024","98","pwa-catalog"
"found","LM708","LEMANSO","Лампа світлодіодна IP65+метал. відбивач античне золото 10W E27 800LM 6500K 230V ""LEMANSO"" LM708","7BEA8A69-86F3-11E5-B379-BC5FF4F4F2AA","5","https://ultra-svet.com/image/catalog/tovari/led-osveshtenie/svetodiodnie-lampi/visokomoshtnaya-s-otrazhatelem/img_7273.JPG","https://ultra-svet.com/lampa-svetodiodnaya-ip65-metal-otrazhatel-antichnoe-zoloto-10w-e27-800lm-6500k-lemanso-lm708","98","pwa-catalog"
"found","LM709","LEMANSO","Лампа світлодіодна IP65+метал. відбивач зелений 18W E27 1440LM 6500K 230V ""LEMANSO"" LM709","BF0D7269-86F5-11E5-B379-BC5FF4F4F2AA","1","https://ultra-svet.com/image/catalog/tovari/led-osveshtenie/svetodiodnie-lampi/visokomoshtnaya-s-otrazhatelem/img_7273.JPG","https://ultra-svet.com/lampa-svetodiodnaya-ip65-metal-otrazhatel-zeleniy-18w-e27-1440lm-6500k-lemanso-lm709","98","pwa-catalog"
"found","LM712","LEMANSO","Лампа світлодіодна IP65+метал. відбивач зелений 50W E27 4000LM 6500K 230V ""LEMANSO"" LM712","C5D88000-879A-11E5-A471-BC5FF4F4F2AA","1","https://ultra-svet.com/image/catalog/tovari/led-osveshtenie/svetodiodnie-lampi/visokomoshtnaya-s-otrazhatelem/img_7273.JPG","https://ultra-svet.com/lampa-svetodiodnaya-ip65-metal.-otrazhatel-antichnoe-zoloto-50w-e27-4000lm-6500k-lemanso-lm712","98","pwa-catalog"
"found","LM710","LEMANSO","Лампа світлодіодна IP65+метал. відбивач срібло 24W E27 1920LM 6500K 230V ""LEMANSO"" LM710","C5D88006-879A-11E5-A471-BC5FF4F4F2AA","2","https://ultra-svet.com/image/catalog/tovari/led-osveshtenie/svetodiodnie-lampi/visokomoshtnaya-s-otrazhatelem/img_7273.JPG","https://ultra-svet.com/lampa-svetodiodnaya-ip65-metal-otrazhatel-antichnoe-zoloto-24w-e27-1920lm-6500k-lemanso-lm710","98","pwa-catalog"
"found","LM711","LEMANSO","Лампа світлодіодна IP65+метал. відбивач срібло 36W E27 2880LM 6500K 230V ""LEMANSO"" LM711","C5D87FFA-879A-11E5-A471-BC5FF4F4F2AA","33","https://ultra-svet.com/image/catalog/tovari/led-osveshtenie/svetodiodnie-lampi/visokomoshtnaya-s-otrazhatelem/img_7273.JPG","https://ultra-svet.com/lampa-svetodiodnaya-ip65-metal.-otrazhatel-antichnoe-zoloto-36w-e27-2880lm-6500k-lemanso-lm711","98","pwa-catalog"
"found","LM711","LEMANSO","Лампа світлодіодна IP65+метал. відбивач червоний 36W E27 2880LM 6500K 230V ""LEMANSO"" LM711","C5D87FF8-879A-11E5-A471-BC5FF4F4F2AA","2","https://ultra-svet.com/image/catalog/tovari/led-osveshtenie/svetodiodnie-lampi/visokomoshtnaya-s-otrazhatelem/img_7273.JPG","https://ultra-svet.com/lampa-svetodiodnaya-ip65-metal.-otrazhatel-antichnoe-zoloto-36w-e27-2880lm-6500k-lemanso-lm711","98","pwa-catalog"
"found","LM3070","LEMANSO","Лампа світлодіодна MR16 6W 600LM 5000K 175-265V матова ""LEMANSO"" LM3070","95E366F3-F620-11E9-B7FC-BC5FF4F4F2AA","41","https://ultra-svet.com/image/catalog/tovari/led-osveshtenie/svetodiodnie-lampi/tochechnaya/3e6aba0def7bca7822e19a4aa07e1a76.jpg","https://ultra-svet.com/lampa-svetodiodnaya-mr16-6w-600lm-5000k-175-265v-matovaya-lemanso-lm3070","98","pwa-catalog"
"found","LM3072","LEMANSO","Лампа світлодіодна MR16 8W 900LM 5000K 175-265V матова ""LEMANSO"" LM3072","89B0F8FE-DAFD-11EA-891B-BC5FF4F4F2AA","27","https://ultra-svet.com/image/catalog/tovari/led-osveshtenie/svetodiodnie-lampi/tochechnaya/3e6aba0def7bca7822e19a4aa07e1a76.jpg","https://ultra-svet.com/lampa-svetodiodnaya-mr16-8w-900lm-5000k-175-265v-matovaya-lemanso-lm3072","98","pwa-catalog"
"found","LM3070","LEMANSO","Лампа світлодіодна MR16 6W 600LM 6500K 175-265V матова ""LEMANSO"" LM3070","D6FB6356-6F5E-11EB-AA5C-BC5FF4F4F2AA","41","https://ultra-svet.com/image/catalog/tovari/led-osveshtenie/svetodiodnie-lampi/tochechnaya/3e6aba0def7bca7822e19a4aa07e1a76.jpg","https://ultra-svet.com/lampa-svetodiodnaya-mr16-6w-600lm-5000k-175-265v-matovaya-lemanso-lm3070","98","pwa-catalog"
"found","LMF9324","LEMANSO","Ліхтарик + ліхтар в ручці 4в1 з USB кабель + Power bank + годинник + сон.батарея ""LEMANSO"" LMF9324","BDFFEE8B-A935-11ED-B9C6-BC5FF4F4F2AA","13","https://ultra-svet.com/image/cache/catalog/tovari/led-osveshtenie/svetodiodnie-fonariki/lemanso/lmf9324-1-800x800.jpg","https://ultra-svet.com/lihtaryk-lihtar-v-ruchci-4v1-z-usb-kabel-power-bank-godynnyk-sonyachna-batareya-lemanso-lmf9324","110","ultra-svet"
"found","LM689","LEMANSO","Модульна розетка на DIN-рейку без заземлення 16А ""LEMANSO"" LM689","B866573B-C271-11E4-8364-BC5FF4F4F2AA","5","https://cdn.27.ua/sc--media--prod/default/30/e7/ea/30e7ea93-2eae-469d-977c-66bd38b66b7b.jpg","https://epicentrk.ua/shop/mplc-rozetka-modul-na-lemanso-lm689-na-din-rejku-bez-zazemlenna-16a-12254-1f0d7979-08aa-6db2-9dc5-735d13e6715a.html","107","epicentr"
"found","LM688","LEMANSO","Модульна розетка на DIN-рейку із заземленням 16А ""LEMANSO"" LM688","0CA8A6D5-8569-11E5-87E1-BC5FF4F4F2AA","6","https://cdn.27.ua/sc--media--prod/default/fd/ca/8d/fdca8d4e-bc1b-4400-ad38-65e62017f503.jpg","https://epicentrk.ua/shop/mplc-rozetka-modul-na-lemanso-lm688-na-din-rejku-z-zazemlennam-16a-zahist-vid-ditej-12256-1f0d7979-0887-67e0-9b23-735d13e6715a.html","107","epicentr"
"not_found","LM3815","LEMANSO","Лампа ультрафіолетова T5 8W ""LEMANSO"" LM3815","39E12A9A-5A99-11E4-AF93-BC5FF4F4F2AA","2","","","","no_strict_source_match"
"found","LTL10037","LEMANSO","Ручний шуруповерт з насадками та подовжувачем 33шт. ""LEMANSO"" LTL10037","B8665737-C271-11E4-8364-BC5FF4F4F2AA","4","https://cdn.27.ua/sc--media--prod/default/d7/f6/d5/d7f6d522-bdaf-4f6e-a2d0-89ceb2e2b449.jpg","https://epicentrk.ua/shop/mplc-rucnij-surupovert-lemanso-ltl10037-z-nasadkami-ta-podovzuvacem-33-pr-2374-1ee223bf-4294-6306-8e16-9f0d0961b27f.html","107","epicentr"
"found","LM2676","LEMANSO","Набір клем 100 штук у пластиковій коробці ""LEMANSO"" LM2676","0D700A9F-C971-11EE-8DE0-BC5FF4F4F2AA","2","https://cdn.27.ua/sc--media--prod/default/a4/66/fa/a466fa37-d376-4f3e-9f5f-7f4ba3bd5769.jpg","https://epicentrk.ua/shop/mplc-klemi-lemanso-lm2676-100-st-7944-1ef282d7-4449-653e-b237-297f607f8ead.html","107","epicentr"
"not_found","LM9104","LEMANSO","Щупи для мультиметра сірі довжина 105см ""LEMANSO"" LM9104","F373B8CA-36D5-11F0-9D3F-BC5FF4F4F2AA","4","","","","no_strict_source_match"
"not_found","LMA259","LEMANSO","Набір термо-трубок у коробці 45мм ""LEMANSO"" LMA259","71881FA4-9C42-11E6-A424-BC5FF4F4F2AA","2","","","","no_strict_source_match"
"found","LM1049","LEMANSO","Накладна квадратна LED панель 12W 900LM 4500K Горизонт ""LEMANSO"" LM1049","DE129E94-C248-11E9-9FE6-BC5FF4F4F2AA","11","https://ultra-svet.com/image/catalog/tovari/led-osveshtenie/led-paneli-i-downlight/led-paneli-obichnie/438.jpg","https://ultra-svet.com/nakladnaya-kvadratnaya-led-panel-12w-900lm-4500k-gorizont-lemanso-lm1049","98","pwa-catalog"
"found","LM1049","LEMANSO","Накладна квадратна LED панель 12W 900LM 6400K Горизонт ""LEMANSO"" LM1049","DFEE29CF-6D06-11EB-8A7A-BC5FF4F4F2AA","6","https://ultra-svet.com/image/catalog/tovari/led-osveshtenie/led-paneli-i-downlight/led-paneli-obichnie/438.jpg","https://ultra-svet.com/nakladnaya-kvadratnaya-led-panel-12w-900lm-4500k-gorizont-lemanso-lm1049","98","pwa-catalog"
"found","LM1050","LEMANSO","Накладна кругла LED панель 12W 900LM 4500K 85-265V ""Обрій"" ""LEMANSO"" LM1050","511103A2-FFB9-11E9-B467-BC5FF4F4F2AA","6","https://ultra-svet.com/image/catalog/tovari/led-osveshtenie/led-paneli-i-downlight/led-paneli-obichnie/lm1050-1.jpg","https://ultra-svet.com/nakladnaya-kruglaya-led-panel-12w-900lm-4500k-85-265v-obrij-lemanso-lm1050","98","pwa-catalog"
"not_found","LMA252","LEMANSO","Набір термо-трубок у коробці 10см ""LEMANSO"" LMA252","330CEA87-18EA-11E6-8B9E-BC5FF4F4F2AA","2","","","","no_strict_source_match"
"found","LMN077","LEMANSO","Настільна лампа 1W 1LED 6500K срібло ""LEMANSO"" LMN077 - Розпродаж!","97D4FE9F-CD7B-11E4-A22A-BC5FF4F4F2AA","1","https://ultra-svet.com/image/cache/catalog/tovari/led-osveshtenie/svetodiodnie-nastolynie-lampi/lmn077-1-800x800.jpg","https://ultra-svet.com/nastolnaya-lampa-1w-1led-6500k-serebro-lemanso-lmn077","110","ultra-svet"
"not_found","LMA251","LEMANSO","Набір термо-трубок у коробці 4см ""LEMANSO"" LMA251","330CEA89-18EA-11E6-8B9E-BC5FF4F4F2AA","2","","","","no_strict_source_match"
"not_found","LTL80003","LEMANSO","Ніж канцелярський червоний ""LEMANSO"" LTL80003","5AE19EF8-9D71-11E3-822B-902B34A4365E","2","","","","no_strict_source_match"
"not_found","NL111/NL9","LEMANSO","Нічник Кішечка блакитний ""LEMANSO"" NL111/NL9","B39458A8-0CE3-11E4-9FF5-902B34A4365E","2","","","","no_strict_source_match"
"not_found","NL112/NL9","LEMANSO","Нічник Кішечка жовтий ""LEMANSO"" NL112/NL9","B39458AA-0CE3-11E4-9FF5-902B34A4365E","1","","","","no_strict_source_match"
"not_found","NL117/NL9","LEMANSO","Нічник Кішечка рожевий/оранж ""LEMANSO"" NL117/NL9","B39458AE-0CE3-11E4-9FF5-902B34A4365E","2","","","","no_strict_source_match"
"not_found","NL113/NL9","LEMANSO","Нічник Кішечка зелений ""LEMANSO"" NL113/NL9","B39458AC-0CE3-11E4-9FF5-902B34A4365E","2","","","","no_strict_source_match"
"not_found","NL100/NL5","LEMANSO","Нічник Метелик білий 3 LED ""LEMANSO"" NL100/NL5","FDD352DD-59D7-11E4-B89C-BC5FF4F4F2AA","2","","","","no_strict_source_match"
"not_found","NL101/NL5","LEMANSO","Нічник Метелик блакитний 3 LED ""LEMANSO"" NL101/NL5","FDD352D7-59D7-11E4-B89C-BC5FF4F4F2AA","2","","","","no_strict_source_match"
"not_found","NL102/NL5","LEMANSO","Нічник Метелик жовтий 3 LED ""LEMANSO"" NL102/NL5","FDD352D9-59D7-11E4-B89C-BC5FF4F4F2AA","2","","","","no_strict_source_match"
"found","NL12","LEMANSO","Нічник Пінгвін чорний ""LEMANSO"" NL12","FDD352ED-59D7-11E4-B89C-BC5FF4F4F2AA","2","https://ultra-svet.com/image/catalog/tovari/led-osveshtenie/svetodiodnie-nochniki/4137_18.jpg","https://ultra-svet.com/nochnik-lemanso-pingvin-siniy-nl12","98","pwa-catalog"
"not_found","NL123/NL12","LEMANSO","Нічник Пінгвін зелений ""LEMANSO"" NL123/NL12","FDD352E7-59D7-11E4-B89C-BC5FF4F4F2AA","13","","","","no_strict_source_match"
"not_found","NL121/NL12","LEMANSO","Нічник Пінгвін синій ""LEMANSO"" NL121/NL12","FDD352EB-59D7-11E4-B89C-BC5FF4F4F2AA","2","","","","no_strict_source_match"
"not_found","NL131/NL4","LEMANSO","Нічник Серце блакитний 3 LED ""LEMANSO"" NL131/NL4","FDD352F1-59D7-11E4-B89C-BC5FF4F4F2AA","2","","","","no_strict_source_match"
"not_found","NL132/NL4","LEMANSO","Нічник Серце жовтий 3 LED ""LEMANSO"" NL132/NL4","FDD352F3-59D7-11E4-B89C-BC5FF4F4F2AA","2","","","","no_strict_source_match"
"found","NL135","LEMANSO","Нічник Серце мультик 3 LED ""LEMANSO"" NL 135/NL4","FDD352F9-59D7-11E4-B89C-BC5FF4F4F2AA","2","https://cdn.27.ua/sc--media--prod/default/3c/4f/f7/3c4ff783-693f-4cea-b538-6c1685621e97.jpg","https://epicentrk.ua/shop/mplc-nicnik-lemanso-nl135-serce-3-led-rgb-7435-1eee864b-46c5-625e-8be0-b790ec36c7f4.html","107","epicentr"
"not_found","NL151/NL8","LEMANSO","Нічник Сонце блакитний 4 LED ""LEMANSO"" NL151/NL8","FDD352FD-59D7-11E4-B89C-BC5FF4F4F2AA","3","","","","no_strict_source_match"
"not_found","NL152/NL8","LEMANSO","Нічник Сонце жовтий 4 LED ""LEMANSO"" NL152/NL8","FDD352FF-59D7-11E4-B89C-BC5FF4F4F2AA","2","","","","no_strict_source_match"
"not_found","NL3/NL143","LEMANSO","Нічник Яблуко зелений 3 LED ""LEMANSO"" NL3/NL143","5CAC814D-21E3-11E4-80F2-08606ED9504B","3","","","","no_strict_source_match"
"not_found","12535","LEMANSO","Пензель круглий укр 60мм LEMANSO 12535","F766F76A-4D70-11EF-A71A-BC5FF4F4F2AA","2","","","","no_strict_source_match"
"not_found","12515","LEMANSO","Пензель товстий укр 25мм LEMANSO 12515","F766F76C-4D70-11EF-A71A-BC5FF4F4F2AA","10","","","","no_strict_source_match"
"not_found","12516","LEMANSO","Пензель товстий укр 30мм LEMANSO 12516","F766F76E-4D70-11EF-A71A-BC5FF4F4F2AA","10","","","","no_strict_source_match"
"not_found","12524","LEMANSO","Пензель тонкий укр 20мм LEMANSO 12524","F766F770-4D70-11EF-A71A-BC5FF4F4F2AA","83","","","","no_strict_source_match"
"not_found","12525","LEMANSO","Пензель тонкий укр 30мм LEMANSO 12525","F766F772-4D70-11EF-A71A-BC5FF4F4F2AA","10","","","","no_strict_source_match"
"found","KCD3-102N","LEMANSO","Перемикач LSW01 вузький жовтий з підсвічуванням ""LEMANSO"" KCD3-102N","6FCB8BE5-9D71-11E3-822B-902B34A4365E","22","https://ultra-svet.com/image/catalog/tovari/elektrofurnitura/knopki-pereklyuchateli-tumbleri/pereklyuchateli/img_7609.jpg","https://ultra-svet.com/pereklyuchatel-lsw01-uzkij-krasnyj-s-podsv.-lemanso-kcd3-102n","98","pwa-catalog"
"found","KCD3-102N","LEMANSO","Перемикач LSW01 вузький зелений з підсвічуванням ""LEMANSO"" KCD3-102N","622C7C9C-9D71-11E3-822B-902B34A4365E","23","https://ultra-svet.com/image/catalog/tovari/elektrofurnitura/knopki-pereklyuchateli-tumbleri/pereklyuchateli/img_7609.jpg","https://ultra-svet.com/pereklyuchatel-lsw01-uzkij-krasnyj-s-podsv.-lemanso-kcd3-102n","98","pwa-catalog"
"found","KCD3-102N","LEMANSO","Перемикач LSW01 вузький синій з підсвічуванням ""LEMANSO"" KCD3-102N","622C7C9E-9D71-11E3-822B-902B34A4365E","37","https://ultra-svet.com/image/catalog/tovari/elektrofurnitura/knopki-pereklyuchateli-tumbleri/pereklyuchateli/img_7609.jpg","https://ultra-svet.com/pereklyuchatel-lsw01-uzkij-krasnyj-s-podsv.-lemanso-kcd3-102n","98","pwa-catalog"
"not_found","12526","LEMANSO","Пензель тонкий укр 40мм LEMANSO 12526","F766F774-4D70-11EF-A71A-BC5FF4F4F2AA","10","","","","no_strict_source_match"
"found","KCD3-102N","LEMANSO","Перемикач LSW01 вузький червоний з підсвічуванням ""LEMANSO"" KCD3-102N","622C7C9D-9D71-11E3-822B-902B34A4365E","15","https://ultra-svet.com/image/catalog/tovari/elektrofurnitura/knopki-pereklyuchateli-tumbleri/pereklyuchateli/img_7609.jpg","https://ultra-svet.com/pereklyuchatel-lsw01-uzkij-krasnyj-s-podsv.-lemanso-kcd3-102n","98","pwa-catalog"
"not_found","12527","LEMANSO","Пензель тонкий укр 50мм LEMANSO 12527","F766F776-4D70-11EF-A71A-BC5FF4F4F2AA","10","","","","no_strict_source_match"
"found","KCD2-201","LEMANSO","Перемикач LSW02 великий жовтий з підсвічуванням ""LEMANSO"" KCD2-201\N","622C7C9F-9D71-11E3-822B-902B34A4365E","28","https://ultra-svet.com/image/cache/catalog/tovari/elektrofurnitura/knopki-pereklyuchateli-tumbleri/pereklyuchateli/lsw02yjpg-800x800.jpg","https://ultra-svet.com/pereklyuchatel-lsw02-bolshoy-zheltyy-s-podsv-lemanso-kcd2-201n","110","ultra-svet"
"found","KCD3-123-4","LEMANSO","Перемикач LSW19 вузький чорний 3 положення без фіксації ""LEMANSO"" KCD3-123-4","6FCB8BEE-9D71-11E3-822B-902B34A4365E","8","https://ultra-svet.com/image/cache/catalog/tovari/elektrofurnitura/knopki-pereklyuchateli-tumbleri/pereklyuchateli/lsw18-800x800.jpg","https://ultra-svet.com/pereklyuchatel-lsw19-uzkiy-chernyy-3-prolozh-bez-fiks-lemanso-kcd3-123-4","110","ultra-svet"
"found","KCD2-201","LEMANSO","Перемикач LSW02 великий зелений з підсвічуванням ""LEMANSO"" KCD2-201\N","622C7CA0-9D71-11E3-822B-902B34A4365E","25","https://ultra-svet.com/image/cache/catalog/tovari/elektrofurnitura/knopki-pereklyuchateli-tumbleri/pereklyuchateli/lsw02yjpg-800x800.jpg","https://ultra-svet.com/pereklyuchatel-lsw02-bolshoy-zheltyy-s-podsv-lemanso-kcd2-201n","110","ultra-svet"
"found","KCD2-2101N","LEMANSO","Перемикач LSW04 подвійний синій + жовтий з підсвічуванням ""LEMANSO"" KCD2-2101N","622C7CAE-9D71-11E3-822B-902B34A4365E","20","https://ultra-svet.com/image/catalog/tovari/elektrofurnitura/knopki-pereklyuchateli-tumbleri/pereklyuchateli/lsw04rg.jpg","https://ultra-svet.com/pereklyuchatel-lsw04-dvojnoj-krasn-zelyonyj-s-podsvetkoj-lemanso-kcd2-2101n","98","pwa-catalog"
"found","KCD2-201","LEMANSO","Перемикач LSW02 великий синій з підсвічуванням ""LEMANSO"" KCD2-201\N","622C7CA2-9D71-11E3-822B-902B34A4365E","19","https://ultra-svet.com/image/cache/catalog/tovari/elektrofurnitura/knopki-pereklyuchateli-tumbleri/pereklyuchateli/lsw02yjpg-800x800.jpg","https://ultra-svet.com/pereklyuchatel-lsw02-bolshoy-zheltyy-s-podsv-lemanso-kcd2-201n","110","ultra-svet"
"found","KCD2-201","LEMANSO","Перемикач LSW02 великий червоний з підсвічуванням ""LEMANSO"" KCD2-201\N","622C7CA1-9D71-11E3-822B-902B34A4365E","10","https://ultra-svet.com/image/cache/catalog/tovari/elektrofurnitura/knopki-pereklyuchateli-tumbleri/pereklyuchateli/lsw02yjpg-800x800.jpg","https://ultra-svet.com/pereklyuchatel-lsw02-bolshoy-zheltyy-s-podsv-lemanso-kcd2-201n","110","ultra-svet"
"found","KCD1-101-2","LEMANSO","Перемикач LSW05 малий червоний з підсвічуванням ""LEMANSO"" KCD1-101-2","622C7CA7-9D71-11E3-822B-902B34A4365E","11","https://ultra-svet.com/image/cache/catalog/tovari/elektrofurnitura/knopki-pereklyuchateli-tumbleri/pereklyuchateli/lsw05-800x800.jpg","https://ultra-svet.com/pereklyuchatel-lsw05-malyy-krasnyy-s-podsv-lemanso-kcd1-101-2","110","ultra-svet"
"found","KCD1-101N-8","LEMANSO","Перемикач LSW07 круглий жовтий з підсвічуванням ""LEMANSO"" KCD1-101N-8","622C7CA9-9D71-11E3-822B-902B34A4365E","17","https://ultra-svet.com/image/catalog/tovari/elektrofurnitura/knopki-pereklyuchateli-tumbleri/pereklyuchateli/lsw07r.jpg","https://ultra-svet.com/pereklyuchatel-lsw07-kruglyy-krasnyy-s-podsv-lemanso-kcd1-101n-8","98","pwa-catalog"
"found","KCD1-101N-8","LEMANSO","Перемикач LSW07 круглий зелений з підсвічуванням ""LEMANSO"" KCD1-101N-8","6FCB8BC9-9D71-11E3-822B-902B34A4365E","15","https://ultra-svet.com/image/catalog/tovari/elektrofurnitura/knopki-pereklyuchateli-tumbleri/pereklyuchateli/lsw07r.jpg","https://ultra-svet.com/pereklyuchatel-lsw07-kruglyy-krasnyy-s-podsv-lemanso-kcd1-101n-8","98","pwa-catalog"
"found","KCD1-101N-8","LEMANSO","Перемикач LSW07 круглий синій з підсвічуванням ""LEMANSO"" KCD1-101N-8","6FCB8BC8-9D71-11E3-822B-902B34A4365E","13","https://ultra-svet.com/image/catalog/tovari/elektrofurnitura/knopki-pereklyuchateli-tumbleri/pereklyuchateli/lsw07r.jpg","https://ultra-svet.com/pereklyuchatel-lsw07-kruglyy-krasnyy-s-podsv-lemanso-kcd1-101n-8","98","pwa-catalog"
"found","KCD1-101N-8","LEMANSO","Перемикач LSW07 круглий червоний з підсвічуванням ""LEMANSO"" KCD1-101N-8","622C7CAA-9D71-11E3-822B-902B34A4365E","14","https://ultra-svet.com/image/catalog/tovari/elektrofurnitura/knopki-pereklyuchateli-tumbleri/pereklyuchateli/lsw07r.jpg","https://ultra-svet.com/pereklyuchatel-lsw07-kruglyy-krasnyy-s-podsv-lemanso-kcd1-101n-8","98","pwa-catalog"
"found","KCD1-103-2","LEMANSO","Перемикач LSW16 малий чорний 3 положення з фіксацією ""LEMANSO"" KCD1-103-2","6FCB8BE7-9D71-11E3-822B-902B34A4365E","19","https://ultra-svet.com/image/cache/catalog/tovari/elektrofurnitura/knopki-pereklyuchateli-tumbleri/pereklyuchateli/lsw16-800x800.jpg","https://ultra-svet.com/pereklyuchatel-lsw16-malyy-chernyy-3-polozhs-fiks-lemanso-kcd1-103-2","110","ultra-svet"
"found","KCD1-123-2","LEMANSO","Перемикач LSW17 малий чорний 3 положення без фіксації ""LEMANSO"" KCD1-123-2","6FCB8BEC-9D71-11E3-822B-902B34A4365E","17","https://ultra-svet.com/image/cache/catalog/tovari/elektrofurnitura/knopki-pereklyuchateli-tumbleri/pereklyuchateli/lsw16-800x800.jpg","https://ultra-svet.com/pereklyuchatel-lsw17-malyy-chernyy-3-polozhbez-fiks-lemanso-kcd1-123-2","110","ultra-svet"
"found","LMA089","LEMANSO","Перехідник - адаптер ( американський ) білий 10A 250V ""LEMANSO"" LMA089","DCB3504E-87E5-11EC-AEC6-BC5FF4F4F2AA","12","https://cdn.27.ua/sc--media--prod/default/86/2b/8c/862b8c23-0c33-417c-a7e3-54c16b6b987e.jpg","https://epicentrk.ua/shop/mplc-perehidnik-zivlenna-merezevij-lemanso-lma089-dla-rozetok-ssa-10-a-250-v-bilij-7432-1eeeb7c3-cdd7-6e50-9aea-731dc668c999.html","107","epicentr"
"found","LMPS105-20","LEMANSO","Прожектор світлодіодний LED 20w 6500K IP54 2000LM 175-265V з датчиком чорний""Чарівність"" ""LEMANSO"" LMPS105-20","8B6F9396-AC8F-11EF-AD29-BC5FF4F4F2AA","10","https://ultra-svet.com/image/cache/catalog/tovari/led-osveshtenie/svetodiodnie-prozhektora/svetodiodnie-prozhektora/lemanso/lmps105-20-1-800x800.jpeg","https://ultra-svet.com/prozhektor-led-20w-6500k-ip54-2000lm-175-265v-z-datchykom-chornyicharivnist-lemanso-lmps105-20-39974-httpsexamplecomukproduct","110","ultra-svet"
"found","LMPS106-30","LEMANSO","Прожектор світлодіодний LED 30w 6500K IP54 1800LM 220-240V з датчиком чорний""Блиск"" ""LEMANSO"" LMPS106-30","8B6F9398-AC8F-11EF-AD29-BC5FF4F4F2AA","6","https://ultra-svet.com/image/cache/catalog/tovari/led-osveshtenie/svetodiodnie-prozhektora/svetodiodnie-prozhektora/lemanso/lmps106-30-1-800x800.jpeg","https://ultra-svet.com/prozhektor-led-30w-6500k-ip54-1800lm-230-240v-z-datchykom-chornyj-blysk-lemanso-lmps106-30","110","ultra-svet"
"not_found","LMB33023","LEMANSO","Прожектор LED+ сон. панель+пульт+акку 300W 6500K ""LEMANSO"" LMB33023","789F064D-1C4F-11F1-BCFB-BC5FF4F4F2AA","1","","","","no_strict_source_match"
"not_found","LMB33022","LEMANSO","Прожектор LED+ сон. панель+пульт+акку 200W 6500K ""LEMANSO"" LMB33022","789F064B-1C4F-11F1-BCFB-BC5FF4F4F2AA","3","","","","no_strict_source_match"
"found","LMPS105-35","LEMANSO","Прожектор світлодіодний LED 30w 6500K IP54 3000LM 175-265V з датчиком чорний ""Чарівність"" ""LEMANSO"" LMPS105-35","8B6F939A-AC8F-11EF-AD29-BC5FF4F4F2AA","6","https://ultra-svet.com/image/cache/catalog/tovari/led-osveshtenie/svetodiodnie-prozhektora/svetodiodnie-prozhektora/lemanso/lmps105-35-1-800x800.jpeg","https://ultra-svet.com/prozhektor-led-30w-6500k-ip54-3000lm-175-265v-z-datchykom-chornyi-charivnist-lemanso-lmps105-35-39976-httpsexamplecomukproduct","110","ultra-svet"
"found","LMPS16-30","LEMANSO","Прожектор світлодіодний LED SMD 30w 6500K IP65 1900LM з мікров. датчиком чорний ""LEMANSO"" LMPS16-30","107E7DD8-40D9-11EA-8683-BC5FF4F4F2AA","4","https://ultra-svet.com/image/cache/catalog/tovari/led-osveshtenie/svetodiodnie-prozhektora/svetodiodnie-prozhektora/lmps16-30-1-800x800.jpg","https://ultra-svet.com/prozhektor-svetodiodnyj-led-smd-30w-6500k-ip65-2000lm-s-mikrov-datchikom-chyornyj-lemanso-lmps16-30","110","ultra-svet"
"found","LMPS55","LEMANSO","Прожектор світлодіодний LED SMD 50w 6500K IP65 4000LM з вбудованим датчиком чорний ""LEMANSO"" LMPS55","5AE19ECD-9D71-11E3-822B-902B34A4365E","10","https://ultra-svet.com/image/cache/catalog/tovari/led-osveshtenie/svetodiodnie-prozhektora/svetodiodnie-prozhektora/lmps56-800x800.jpeg","https://ultra-svet.com/prozhektor-svetodiodnyj-led-smd-50w-6500k-ip65-4000lm-so-vstroennym-datchikom-chyornyj-lemanso-lmps55","110","ultra-svet"
"not_found","LMA9213","LEMANSO","Ремкомплект на магнітах для LED світильника 36Вт 170-265В 3240Lm 3CCT D=190мм ""LEMANSO"" LMA9213","789F0651-1C4F-11F1-BCFB-BC5FF4F4F2AA","10","","","","no_strict_source_match"
"not_found","LMA9210","LEMANSO","Ремкомплект на магнітах для LED світильника 48Вт 170-265В 4320Lm 3CCT D=267мм ""LEMANSO"" LMA9210","789F0653-1C4F-11F1-BCFB-BC5FF4F4F2AA","10","","","","no_strict_source_match"
"not_found","LMA9212","LEMANSO","Ремкомплект на магнітах для LED світильника 24Вт 170-265В 2160Lm 3CCT D=155мм ""LEMANSO"" LMA9212","789F064F-1C4F-11F1-BCFB-BC5FF4F4F2AA","10","","","","no_strict_source_match"
"found","LTL70003","LEMANSO","Рулетка 3м x 16мм жовто-чорна ""LEMANSO"" LTL70003","622C7BFC-9D71-11E3-822B-902B34A4365E","5","https://cdn.27.ua/sc--media--prod/default/30/a6/f1/30a6f15f-c478-40eb-a0c5-2c4b013cf3ed.jpg","https://epicentrk.ua/shop/mplc-ruletka-lemanso-ltl70003-3-m-h-16-mm-zovto-cornij-6396-1ee35665-6f2c-66e6-81a3-dfc5a02255fc.html","107","epicentr"
"found","LTL70004","LEMANSO","Рулетка 5м x 19мм жовто-чорна ""LEMANSO"" LTL70004","622C7BF9-9D71-11E3-822B-902B34A4365E","5","https://cdn.27.ua/sc--media--prod/default/31/0b/43/310b43f0-2faf-43f4-ad0f-f9305ca77e40.jpg","https://epicentrk.ua/shop/mplc-ruletka-lemanso-ltl70004-5-m-h-19-mm-zovto-cornij-6402-1ee35665-6f58-6de0-b5de-dfc5a02255fc.html","107","epicentr"
"not_found","LMA9211","LEMANSO","Ремкомплект на магнітах для LED світильника 72Вт 170-265В 6480Lm 3CCT D=305мм ""LEMANSO"" LMA9211","789F0655-1C4F-11F1-BCFB-BC5FF4F4F2AA","5","","","","no_strict_source_match"
"found","LTL70008","LEMANSO","Рулетка 8м x 25мм жовто-чорна ""LEMANSO"" LTL70008","622C7BF6-9D71-11E3-822B-902B34A4365E","3","https://cdn.27.ua/sc--media--prod/default/f5/55/66/f555665e-5aa5-4a1c-88ef-15b0d90260a3.jpg","https://epicentrk.ua/shop/mplc-ruletka-lemanso-ltl70008-8-m-25-mm-2315-1ee223e2-04fa-67c0-8efb-334bca5af797.html","107","epicentr"
"not_found","LMB33018","LEMANSO","Св-к на стовп LED+ сон. панель+пульт+акку 30W 350Lm 6500K 48LED 6W/3,2V/ 5Ah IP65 ""LEMANSO"" LMB33018","789F066F-1C4F-11F1-BCFB-BC5FF4F4F2AA","4","","","","no_strict_source_match"
"not_found","LMB33019","LEMANSO","Св-к на стовп LED+ сон. панель+пульт+акку 60W 450Lm 6500K 96LED 10W/3,2V/ 6Ah IP65 ""LEMANSO"" LMB33019","789F0671-1C4F-11F1-BCFB-BC5FF4F4F2AA","3","","","","no_strict_source_match"
"found","LMB3302","LEMANSO","Світильник світлодіодний Базука 5W 60xSMD2835 + 3 режими роботи + батарея ""LEMANSO"" LMB3302","C7EB3AE1-9AE7-11ED-ACE4-BC5FF4F4F2AA","24","https://ultra-svet.com/image/cache/catalog/tovari/led-osveshtenie/svetilyniki-svetodiodnie-akkumulyatornie/lmb3302-1-800x800.jpg","https://ultra-svet.com/svetilnik-svetodiodnyj-bazuka-5w-60xsmd2835-3-rezhimi-roboty-batareya-lemanso-lmblmb3302","110","ultra-svet"
"not_found","LMB33020","LEMANSO","Св-к на стовп LED+ сон. панель+пульт+акку 90W 750Lm 6500K 144LED 17W/3,2V/ 10Ah IP65 ""LEMANSO"" LMB33020","789F0657-1C4F-11F1-BCFB-BC5FF4F4F2AA","1","","","","no_strict_source_match"
"not_found","ST126","LEMANSO","Світильник точковий MR16 жовтий - золото ""LEMANSO"" ST126 - Розпродаж!","22BEBD2F-59ED-11E4-B89C-BC5FF4F4F2AA","1","","","","no_strict_source_match"
"not_found","LM32029","LEMANSO","Світильник LED 12W коло чорний 220-240V 900LM 6500K IP65 ""Полюс"" ЕКО ""LEMANSO"" LM32029","146AB926-2101-11F1-B211-BC5FF4F4F2AA","10","","","","no_strict_source_match"
"not_found","LM32028","LEMANSO","Світильник LED 18W коло чорний 220-240V 1350LM 6500K IP65 ""Полюс"" ЕКО ""LEMANSO"" LM32028","146AB928-2101-11F1-B211-BC5FF4F4F2AA","10","","","","no_strict_source_match"
"not_found","LM32027","LEMANSO","Світильник LED 24W коло чорний 220-240V 1800LM 6500K IP65 ""Полюс"" ЕКО ""LEMANSO"" LM32027","146AB92A-2101-11F1-B211-BC5FF4F4F2AA","8","","","","no_strict_source_match"
"not_found","LM35018","LEMANSO","Світильник LED 20W 6500K 1600LM IP20 ""Осло"" ""LEMANSO"" LM35018","88D31C5A-1645-11F1-9AC5-BC5FF4F4F2AA","3","","","","no_strict_source_match"
"not_found","LM35019","LEMANSO","Світильник LED 40W 6500K 3300LM IP20 ""Осло"" ""LEMANSO"" LM35019","88D31C5C-1645-11F1-9AC5-BC5FF4F4F2AA","4","","","","no_strict_source_match"
"found","CAB124","LEMANSO","Світильник LED газон з вимк., 1LED білий IP44 6міс. метелик ""LEMANSO"" CAB124 - Розпродаж!","00D0572D-2C74-11E9-AF1A-BC5FF4F4F2AA","118","https://ultra-svet.com/image/cache/catalog/tovari/led-osveshtenie/svetilyniki-svetodiodnie-sadovo-parkovie/cab74-800x800.jpg","https://ultra-svet.com/svetilnik-led-gazon-s-vykl-1led-belyj-ip44-6mes-babochka-lemanso-cab124","110","ultra-svet"
"found","CAB136","LEMANSO","Світильник LED газон з вимк., 2LED білий IP44 6міс. курчата ""LEMANSO"" CAB136 - Розпродаж!","4FE7DB86-2C83-11E9-AF1A-BC5FF4F4F2AA","93","https://ultra-svet.com/image/cache/catalog/tovari/led-osveshtenie/svetilyniki-svetodiodnie-sadovo-parkovie/cab136-800x800.jpg","https://ultra-svet.com/svetilnik-led-gazon-s-vykl-2led-belyj-ip44-6mes-tsyplyata-lemanso-cab136","110","ultra-svet"
"found","CAB44-150","LEMANSO","Світильник вуличний на стовп 3LED 150W 6500K сірий 15000LM ""LEMANSO"" CAB44-150 - Розпродаж!","3545694F-36F5-11E6-B356-BC5FF4F4F2AA","1","https://ultra-svet.com/image/cache/catalog/tovari/led-osveshtenie/svetodiodnie-svetilyniki-ulichnie/sv(7)-800x800.jpg","https://ultra-svet.com/svetilnik-ulichnyj-na-stolb-3led-150w-6500k-15000lm-seryj-lemanso-cab44-150","110","ultra-svet"
"found","CAB44-200","LEMANSO","Світильник вуличний на стовп 4LED 200W сірий 6500K 20000LM ""LEMANSO"" CAB44-200 - Розпродаж!","35456951-36F5-11E6-B356-BC5FF4F4F2AA","1","https://ultra-svet.com/image/cache/catalog/tovari/led-osveshtenie/svetodiodnie-svetilyniki-ulichnie/sv(7)-800x800.jpg","https://ultra-svet.com/svetilnik-ulichnyj-na-stolb-4led-200w-6500k-20000lm-seryj-lemanso-cab44-200","110","ultra-svet"
"not_found","LM35021","LEMANSO","Світильник LED 75W 6500K 5600LM IP20 ""Осло"" ""LEMANSO"" LM35021","88D31C60-1645-11F1-9AC5-BC5FF4F4F2AA","5","","","","no_strict_source_match"
"found","BL-1351","LEMANSO","Світильник круг металевий 60W без решітки білий ""LEMANSO"" BL-1351 (BL-1301)","7A09BAFD-037C-11E4-9F08-902B34A4365E","4","https://cdn.27.ua/sc--media--prod/default/89/a7/27/89a72722-4cde-4352-aeb6-e3258c9d1cee.jpg","https://epicentrk.ua/shop/mplc-svitil-nik-lemanso-bl-1351-20w-bilij-20227814-1ef637d5-a53b-6f3e-ab5a-41d89d79667b.html","107","epicentr"
"not_found","BL-1352","LEMANSO","Світильник круг металевий 60W без решітки чорний ""LEMANSO"" BL-1352 (BL-1301)","7A09BAFF-037C-11E4-9F08-902B34A4365E","4","","","","no_strict_source_match"
"found","BL-1461","LEMANSO","Світильник овал металевий 60W з решіткою білий ""LEMANSO"" BL-1461 (BL-1402)","7A09BB11-037C-11E4-9F08-902B34A4365E","4","https://cdn.27.ua/sc--media--prod/default/56/0b/8c/560b8cab-9785-4159-9338-f95250d24cb9.jpg","https://epicentrk.ua/shop/mplc-svitil-nik-svitlodiodnij-zkg-lemanso-bl-1461-bl-1402-20w-dla-led-lampi-oval-nij-1f0ba939-d87e-6000-a251-8f4997e1a047.html","107","epicentr"
"found","BL-1451","LEMANSO","Світильник овал металевий 60W без решітки білий ""LEMANSO"" BL-1451 (BL-1401)","7A09BB0D-037C-11E4-9F08-902B34A4365E","2","https://cdn.27.ua/sc--media--prod/default/f4/78/2c/f4782c03-b81e-472e-b198-d79d5dcad190.jpg","https://epicentrk.ua/shop/mplc-svitil-nik-svitlodiodnij-zkg-lemanso-bl-1451-bl-1401-20w-dla-led-lampi-oval-nij-bilij-1f0ba939-d840-652a-9c79-8f4997e1a047.html","107","epicentr"
"found","PL6102","LEMANSO","Світильник садово-парковий 20W античне золото ""LEMANSO"" PL6102","DE824739-59DC-11E4-B89C-BC5FF4F4F2AA","2","https://ultra-svet.com/image/catalog/tovari/svetotehnika/svetilyniki-parkovie/6102.jpg","https://ultra-svet.com/svetilnik-lemanso-pl6102-chernyy-60w","98","pwa-catalog"
"found","PL6101","LEMANSO","Світильник садово-парковий 20W білий ""LEMANSO"" PL6101","B39458A3-0CE3-11E4-9FF5-902B34A4365E","2","https://ultra-svet.com/image/catalog/tovari/svetotehnika/svetilyniki-parkovie/61012.jpg","https://ultra-svet.com/svetilnik-lemanso-pl6101-chernyy-60w","98","pwa-catalog"
"found","PL6102","LEMANSO","Світильник садово-парковий 20W білий ""LEMANSO"" PL6102","DE82473B-59DC-11E4-B89C-BC5FF4F4F2AA","2","https://ultra-svet.com/image/catalog/tovari/svetotehnika/svetilyniki-parkovie/6102.jpg","https://ultra-svet.com/svetilnik-lemanso-pl6102-chernyy-60w","98","pwa-catalog"
"found","PL5101","LEMANSO","Світильник садово-парковий 20W чорний ""LEMANSO"" PL5101","E6CBA2EE-0E78-11E4-BB41-902B34A4365E","1","https://ultra-svet.com/image/catalog/tovari/svetotehnika/svetilyniki-parkovie/2916_2.jpg","https://ultra-svet.com/svetilnik-lemanso-pl5101-chernyy-60w","98","pwa-catalog"
"found","PL6101","LEMANSO","Світильник садово-парковий 20W чорний ""LEMANSO"" PL6101","E6CBA2F0-0E78-11E4-BB41-902B34A4365E","4","https://ultra-svet.com/image/catalog/tovari/svetotehnika/svetilyniki-parkovie/61012.jpg","https://ultra-svet.com/svetilnik-lemanso-pl6101-chernyy-60w","98","pwa-catalog"
"found","PL6102","LEMANSO","Світильник садово-парковий 20W чорний ""LEMANSO"" PL6102","35BCCBB2-5395-11E4-AD63-BC5FF4F4F2AA","2","https://ultra-svet.com/image/catalog/tovari/svetotehnika/svetilyniki-parkovie/6102.jpg","https://ultra-svet.com/svetilnik-lemanso-pl6102-chernyy-60w","98","pwa-catalog"
"not_found","BL-1452","LEMANSO","Світильник овал металевий 20W без решітки чорний ""LEMANSO"" BL-1452 (BL-1401)","7A09BB0F-037C-11E4-9F08-902B34A4365E","2","","","","no_strict_source_match"
"not_found","LM31015","LEMANSO","Світильник світлодіодний 100W 6500К 1200LM 175-265V IP20 ""LEMANSO"" LM31015","56F0D479-1631-11F1-9AC5-BC5FF4F4F2AA","12","","","","no_strict_source_match"
"found","LM983","LEMANSO","Світильник світлодіодний 20W 6500K 2000LM IP20 0.6м ""Рояль"" ""LEMANSO"" LM983","9381FB18-010B-11F1-9C6C-BC5FF4F4F2AA","58","https://ultra-svet.com/image/cache/catalog/tovari/led-osveshtenie/svetilyniki-svetodiodnie-balki/svetilyniki-svetodiodnie-balki/26-10-800x800.jpeg","https://ultra-svet.com/svetilnik-svetodiodnyj-10w-6500k-780lm-ip20-0.3m-lemanso-lm983-10","110","ultra-svet"
"found","LM985","LEMANSO","Світильник світлодіодний 36W 6500K 3600LM IP20 1,2м ""Рояль"" ""LEMANSO"" LM985","BA6E2738-163A-11F1-9AC5-BC5FF4F4F2AA","30","https://ultra-svet.com/image/cache/catalog/tovari/led-osveshtenie/svetilyniki-svetodiodnie-nastenno-potolochnie/img_8142-800x800.JPG","https://ultra-svet.com/svetilnik-svetodiodnyj-10w-6500k-ip44-oval-lemanso-lm985","110","ultra-svet"
"not_found","BL-1462","LEMANSO","Світильник овал металевий 60W з решіткою чорний ""LEMANSO"" BL-1462 (BL-1402)","7A09BB13-037C-11E4-9F08-902B34A4365E","6","","","","no_strict_source_match"
"not_found","LM920-18","LEMANSO","Світильник світлодіодний 18W 6500K 1800LM IP20 0.6м ""Рояль"" мікрохвильовий датчик""LEMANSO"" LM920-18","BA6E2731-163A-11F1-9AC5-BC5FF4F4F2AA","22","","","","no_strict_source_match"
"found","LM984","LEMANSO","Світильник світлодіодний 36W 6500K IP20 2880LM 1.2м ""Флеш"" ""LEMANSO"" LM984","BA6E2733-163A-11F1-9AC5-BC5FF4F4F2AA","15","https://ultra-svet.com/image/cache/catalog/tovari/led-osveshtenie/svetilyniki-svetodiodnie-nastenno-potolochnie/img_8146-800x800.JPG","https://ultra-svet.com/svetilnik-svetodiodnyj-10w-6500k-ip44-krug-lemanso-lm984","110","ultra-svet"
"found","AL2001","LEMANSO","Світильник точковий R-50 павутинка чорний-хром ""LEMANSO"" AL2001 - Розпродаж!","1207EE84-31D2-11E4-B9D7-BC5FF4F4F2AA","35","https://ultra-svet.com/image/cache/catalog/tovari/svetotehnika/svetilyniki-tochechnie/svetilniki-metall/al2001-800x800.jpg","https://ultra-svet.com/svetilnik-tochechnyj-r-50-pautinka-chernyj-khrom-lemanso-al2001","110","ultra-svet"
"not_found","LM917-60","LEMANSO","Світильник світлодіодний 60W 6500К 5500LM 180-265V IP20 1.2м Опал ""LEMANSO"" LM917-60","2F53F5EA-84DC-11F0-B2C6-BC5FF4F4F2AA","15","","","","no_strict_source_match"
"found","AL8114A","LEMANSO","Світильник точковий R-50 плоский золото ""LEMANSO"" AL8114A - Розпродаж!","138A8950-31D4-11E4-B9D7-BC5FF4F4F2AA","14","https://ultra-svet.com/image/cache/catalog/tovari/svetotehnika/svetilyniki-tochechnie/svetilniki-metall/dl3106-800x800.jpg","https://ultra-svet.com/svetilnik-tochechnyj-r-50-ploskij-zoloto-lemanso-al8114a","110","ultra-svet"
"found","AL8114","LEMANSO","Світильник точковий R-50 сфера золото ""LEMANSO"" AL8114 - Розпродаж!","1C511EA3-17F9-11E4-AAB6-08606ED9504B","1","https://ultra-svet.com/image/cache/catalog/tovari/svetotehnika/svetilyniki-tochechnie/svetilniki-metall/dl3106-800x800.jpg","https://ultra-svet.com/svetilnik-tochechnyj-r-50-ploskij-zoloto-lemanso-al8114a","110","ultra-svet"
"found","ST141","LEMANSO","Світильник точковий MR16 бузковий - хром ""LEMANSO"" ST141 - Розпродаж!","75D9571C-31D7-11E4-B9D7-BC5FF4F4F2AA","1","https://ultra-svet.com/image/catalog/tovari/svetotehnika/svetilyniki-tochechnie/dekor-steklo/st141pink.jpg","https://ultra-svet.com/spot-lemanso-cd4141-rozovyy-hrom-st141","98","pwa-catalog"
"found","AL8174","LEMANSO","Світильник точковий R-50 титан - золото ""LEMANSO"" AL8174 - Розпродаж!","02E6A603-31D6-11E4-B9D7-BC5FF4F4F2AA","1","https://ultra-svet.com/image/cache/catalog/tovari/svetotehnika/svetilyniki-tochechnie/svetilniki-metall/al8174-800x800.jpg","https://ultra-svet.com/svetilnik-tochechnyj-r-50-titan-zoloto-lemanso-al8174","110","ultra-svet"
"not_found","LM920-36","LEMANSO","Світильник світлодіодний 36W 6500K 3600LM IP20 1,2м ""Рояль"" мікрохвильовий датчик""LEMANSO"" LM920-36","BA6E2736-163A-11F1-9AC5-BC5FF4F4F2AA","13","","","","no_strict_source_match"
"found","LMA9603","LEMANSO","Світлодіодна стрічка Преміум IP20 5m 180SMD 2835 12V 14W/м 1200LM/m 6500K ""LEMANSO"" LMA9603","DCB35050-87E5-11EC-AEC6-BC5FF4F4F2AA","40","https://cdn.27.ua/sc--media--prod/default/f9/ad/2f/f9ad2fec-8a8a-4d21-b07d-c8d80ec38de8.jpg","https://epicentrk.ua/shop/mplc-svitlodiodna-stricka-1-m-lemanso-lma9603-premium-smd2835-180-led-12v-14vt-m-1200lm-ip20-6500k-holodnij-bilij-1ef1d304-0e9f-6920-8202-d3a4554f879f.html","107","epicentr"
"not_found","LMA9701","LEMANSO","Світлодіодна стрічка IP20 5m 300 COB 24V 6500K х.-біла 9W/м 800LM/м ""LEMANSO"" LMA9701","789F066D-1C4F-11F1-BCFB-BC5FF4F4F2AA","30","","","","no_strict_source_match"
"not_found","LMA9306","LEMANSO","Світлодіодна стрічка 10W 12V 60SMD 5730 IP65 х - біла ""LEMANSO"" LMA9306","C4B1868A-31D9-11E4-B9D7-BC5FF4F4F2AA","15","","","","no_strict_source_match"
"found","IP65","LEMANSO","Світлодіодний модуль №2 напр.12V мощ.1.2W 3*2835 120lm IP65 кут: 140°"" кратно 20 шт. ""LEMANSO""","79091F4A-9198-11ED-AD9D-BC5FF4F4F2AA","35","https://ultra-svet.com/image/cache/catalog/tovari/led-osveshtenie/svetodiodnie-lampi/visokomoshtnaya-s-otrazhatelem/img_7273-800x800.JPG","https://ultra-svet.com/lampa-svetodiodnaya-ip65-metal-otrazhatel-antichnoe-zoloto-10w-e27-800lm-6500k-lemanso-lm708","110","ultra-svet"
"found","IP65","LEMANSO","Світлодіодний модуль №3 напр.12V мощ.2.0W 3*2835 140lm IP65 кут: 10*60"" кратно 20 шт. ""LEMANSO""","79091F4C-9198-11ED-AD9D-BC5FF4F4F2AA","36","https://ultra-svet.com/image/cache/catalog/tovari/led-osveshtenie/svetodiodnie-lampi/visokomoshtnaya-s-otrazhatelem/img_7273-800x800.JPG","https://ultra-svet.com/lampa-svetodiodnaya-ip65-metal-otrazhatel-antichnoe-zoloto-10w-e27-800lm-6500k-lemanso-lm708","110","ultra-svet"
"found","LM565-30","LEMANSO","Трековий світильник LED 30W 2400LM 4500K білий ""LEMANSO"" LM565-30 - Розпродаж!","00D05705-2C74-11E9-AF1A-BC5FF4F4F2AA","6","https://ultra-svet.com/image/catalog/tovari/led-osveshtenie/svetodiodnie-trekovie/11.jpg","https://ultra-svet.com/trekovyj-svetilnik-led-30w-2400lm-4500k-belyj-lemanso-lm565-30","98","pwa-catalog"
"found","IP65","LEMANSO","Світлодіодний модуль №4 напр.12V мощ.0.72W 3*2835 90lm IP65 кут:140°""кратно 20 шт. ""LEMANSO""","79091F4E-9198-11ED-AD9D-BC5FF4F4F2AA","55","https://ultra-svet.com/image/cache/catalog/tovari/led-osveshtenie/svetodiodnie-lampi/visokomoshtnaya-s-otrazhatelem/img_7273-800x800.JPG","https://ultra-svet.com/lampa-svetodiodnaya-ip65-metal-otrazhatel-antichnoe-zoloto-10w-e27-800lm-6500k-lemanso-lm708","110","ultra-svet"
"found","IP65","LEMANSO","Світлодіодний модуль №5 напр.12V мощ.1.2W 1*2835 140lm IP65 кут: 10*60"" кратно 20 шт. ""LEMANSO""","79091F50-9198-11ED-AD9D-BC5FF4F4F2AA","17","https://ultra-svet.com/image/cache/catalog/tovari/led-osveshtenie/svetodiodnie-lampi/visokomoshtnaya-s-otrazhatelem/img_7273-800x800.JPG","https://ultra-svet.com/lampa-svetodiodnaya-ip65-metal-otrazhatel-antichnoe-zoloto-10w-e27-800lm-6500k-lemanso-lm708","110","ultra-svet"
"found","KN3","LEMANSO","Тумблер LSW22 3pin + гвинти 2 положення ON-ON ""LEMANSO"" KN3 C-102","6FCB8BCA-9D71-11E3-822B-902B34A4365E","12","https://ultra-svet.com/image/cache/catalog/tovari/elektrofurnitura/knopki-pereklyuchateli-tumbleri/tumbleri/kn32pin-800x800.jpg","https://ultra-svet.com/tumbler-lsw22-3pin-vinty-2-polozh-on-on-lemanso-kn3-c-102","110","ultra-svet"
"found","KN3","LEMANSO","Тумблер LSW23 3pin + гвинти 3 положення з фіксацією ""LEMANSO"" KN3 C-103","6FCB8BCB-9D71-11E3-822B-902B34A4365E","10","https://ultra-svet.com/image/cache/catalog/tovari/elektrofurnitura/knopki-pereklyuchateli-tumbleri/tumbleri/kn32pin-800x800.jpg","https://ultra-svet.com/tumbler-lsw22-3pin-vinty-2-polozh-on-on-lemanso-kn3-c-102","110","ultra-svet"
"found","MTS-102","LEMANSO","Тумблер LSW27 3pin малий 2 положення ON-ON ""LEMANSO"" MTS-102","622C7C98-9D71-11E3-822B-902B34A4365E","15","https://ultra-svet.com/image/catalog/tovari/elektrofurnitura/knopki-pereklyuchateli-tumbleri/tumbleri/mts2pin.jpg","https://ultra-svet.com/tumbler-lsw27-3pin-malyy-2-polozh-on-on-lemanso-mts-102","98","pwa-catalog"
"found","MTS-103","LEMANSO","Тумблер LSW28 3pin малий 3 положення з фіксацією ""LEMANSO"" MTS-103","622C7C97-9D71-11E3-822B-902B34A4365E","15","https://ultra-svet.com/image/catalog/tovari/elektrofurnitura/knopki-pereklyuchateli-tumbleri/tumbleri/mts3pin.jpg","https://ultra-svet.com/tumbler-lsw28-3pin-malyy-3-polozh-s-fiks-lemanso-mts-103","98","pwa-catalog"
"found","MTS-202","LEMANSO","Тумблер LSW29 6pin малий 2 положення ON-ON ""LEMANSO"" MTS-202","6FCB8BCC-9D71-11E3-822B-902B34A4365E","20","https://ultra-svet.com/image/catalog/tovari/elektrofurnitura/knopki-pereklyuchateli-tumbleri/tumbleri/mts2pin.jpg","https://ultra-svet.com/tumbler-lsw29-6pin-malyy-2-polozh-on-on-lemanso-mts-202","98","pwa-catalog"
"found","MTS-203","LEMANSO","Тумблер LSW30 6pin малий 3 положення з фіксацією ""LEMANSO"" MTS-203","622C7C96-9D71-11E3-822B-902B34A4365E","15","https://ultra-svet.com/image/catalog/tovari/elektrofurnitura/knopki-pereklyuchateli-tumbleri/tumbleri/mts3pin.jpg","https://ultra-svet.com/tumbler-lsw30-6pin-malyy-3-polozh-s-fiks-lemanso-mts-203","98","pwa-catalog"
"found","KN3","LEMANSO","Тумблер LSW24 3pin + гвинти 3 положення без фіксації ""LEMANSO"" KN3 C-123","622C7C9B-9D71-11E3-822B-902B34A4365E","6","https://ultra-svet.com/image/cache/catalog/tovari/elektrofurnitura/knopki-pereklyuchateli-tumbleri/tumbleri/kn32pin-800x800.jpg","https://ultra-svet.com/tumbler-lsw22-3pin-vinty-2-polozh-on-on-lemanso-kn3-c-102","110","ultra-svet"
"found","KN3","LEMANSO","Тумблер LSW26 6pin + гвинти 3 положення з фіксацією ""LEMANSO"" KN3 C-203","622C7C99-9D71-11E3-822B-902B34A4365E","20","https://ultra-svet.com/image/cache/catalog/tovari/elektrofurnitura/knopki-pereklyuchateli-tumbleri/tumbleri/kn32pin-800x800.jpg","https://ultra-svet.com/tumbler-lsw22-3pin-vinty-2-polozh-on-on-lemanso-kn3-c-102","110","ultra-svet"
